id,Label,Skill,ActionDurationPercentage,WorkforceFTE
Canton_Depose_EEL,Main,EEL,100,6
Canton_Renouvellement_EEL,Main,EEL,100,6
Conducteur_BrinCoupe_EEL,Main,EEL,100,6
Conducteur_Depose_EEL,Main,EEL,100,6
Conducteur_Inspection_EEL,Main,EEL,100,1
ELL_Remplacement_Conducteur,Main,EEL,100,6
Conducteur_Remplacement_EEL,Main,EEL,100,1
Conducteur_Rupture_EEL,Main,EEL,100,6
Embase_Depose_EEL,Main,EEL,100,6
Embase_Reparation_EEL,Main,EEL,100,6
EEL_Embase_curatif,Main,EEL,100,6
Fondation_Depose_EEL,Main,EEL,100,6
Fondation_Reparation_EEL,Main,EEL,100,6
EEL_Fondation_Curatif,Main,EEL,100,6
EEL_MC1_curatif,Main,EEL,100,6
EEL_MC2_curatif,Main,EEL,100,6
Task_Peinture_AGZCF,Main,EEL,100,6
Task_Peinture_AGZCN,Main,EEL,100,6
Task_Peinture_ANZCF,Main,EEL,100,6
Task_Peinture_ANZCN,Main,EEL,100,6
Pylone_Depose_EEL,Main,EEL,100,6
Pylone_Inspection_SLA,Main,EEL,100,1
Pylone_Ruine_EEL,Main,EEL,100,6
EEL_Equiv_Haut,Main,EEL,100,6
ELL_Pylones_tempo,Main,EEL,100,6
Remplacement_bois,Main,EEL,100,6
Remplacement_beton,Main,EEL,100,6
Renouvellement_Canton_Béton,Main,EEL,100,1
Canton_renouvellement_bois,Main,EEL,100,1
