id,AssetClass,IsLocalAction,NeedsOutage,CostsAreCapitalCharges,BudgetCategories,CostsByRatingLevel
Canton_Depose,Canton,FALSE,TRUE,FALSE,"[""Gaela_HC1""]","{""HTB1"": {""SupplierCost"": 49.3, ""Duration"": 0.8}, ""HTB2"": {""SupplierCost"": 49.3, ""Duration"": 0.8}, ""HTB3"": {""SupplierCost"": 49.3, ""Duration"": 0.8}}"
Canton_Renouvellement,Canton,FALSE,TRUE,FALSE,"[""Gaela_RE1""]","{""HORS_TENSION"": {""SupplierCost"": 495.0, ""Duration"": 8.06}, ""HTB1"": {""SupplierCost"": 495.0, ""Duration"": 8.06}, ""HTB2"": {""SupplierCost"": 508.0, ""Duration"": 8.27}, ""HTB3"": {""SupplierCost"": 805.0, ""Duration"": 13.1}}"
Conducteur_BrinCoupe,Conducteur,FALSE,FALSE,FALSE,"[""Conducteur_Curatif""]","{""HORS_TENSION"": {""SupplierCost"": 2.11, ""Duration"": 0.03}, ""HTB1"": {""SupplierCost"": 2.11, ""Duration"": 0.03}, ""HTB2"": {""SupplierCost"": 2.11, ""Duration"": 0.03}, ""HTB3"": {""SupplierCost"": 2.11, ""Duration"": 0.03}}"
Conducteur_Depose,Conducteur,FALSE,TRUE,FALSE,"[""Gaela_HC1""]","{""HORS_TENSION"": {""SupplierCost"": 49.3, ""Duration"": 0.8}, ""HTB1"": {""SupplierCost"": 49.3, ""Duration"": 0.8}, ""HTB2"": {""SupplierCost"": 49.3, ""Duration"": 0.8}, ""HTB3"": {""SupplierCost"": 49.3, ""Duration"": 0.8}}"
Conducteur_Inspection,Conducteur,FALSE,FALSE,FALSE,"[""Surveillance_Conducteur""]","{""HORS_TENSION"": {""SupplierCost"": 1.0, ""Duration"": 0.002}, ""HTB1"": {""SupplierCost"": 1.0, ""Duration"": 0.002}, ""HTB2"": {""SupplierCost"": 1.0, ""Duration"": 0.002}, ""HTB3"": {""SupplierCost"": 1.0, ""Duration"": 0.002}}"
Conducteur_Remplacement_Simple _sur_Canton,Canton,FALSE,TRUE,FALSE,"[""Gaela_RC1""]","{""HORS_TENSION"": {""SupplierCost"": 0.0, ""Duration"": 1e-12}, ""HTB1"": {""SupplierCost"": 119.0, ""Duration"": 2.0}, ""HTB2"": {""SupplierCost"": 149.0, ""Duration"": 2.43}, ""HTB3"": {""SupplierCost"": 303.0, ""Duration"": 4.93}}"
Conducteur_Remplacement_Superieur,Canton,FALSE,TRUE,FALSE,"[""Gaela_RC1""]","{""HORS_TENSION"": {""SupplierCost"": 0.0, ""Duration"": 0.1}, ""HTB1"": {""SupplierCost"": 210.0, ""Duration"": 3.42}, ""HTB2"": {""SupplierCost"": 305.0, ""Duration"": 4.96}, ""HTB3"": {""SupplierCost"": 497.0, ""Duration"": 8.09}}"
Conducteur_Rupture,Conducteur,FALSE,TRUE,FALSE,"[""Conducteur_Curatif""]","{""HORS_TENSION"": {""SupplierCost"": 0.0, ""Duration"": 0.16}, ""HTB1"": {""SupplierCost"": 10.0, ""Duration"": 0.16}, ""HTB2"": {""SupplierCost"": 10.0, ""Duration"": 0.16}, ""HTB3"": {""SupplierCost"": 10.0, ""Duration"": 0.16}}"
Embase_curatif,Embase,FALSE,FALSE,FALSE,"[""Pylone_Curatif""]","{""HORS_TENSION"": {""SupplierCost"": 10.0, ""Duration"": 0.16}, ""HTB1"": {""SupplierCost"": 10.0, ""Duration"": 0.16}, ""HTB2"": {""SupplierCost"": 10.0, ""Duration"": 0.16}, ""HTB3"": {""SupplierCost"": 10.0, ""Duration"": 0.16}}"
Embase_Depose,Embase,FALSE,TRUE,FALSE,"[""Gaela_RI1""]","{""HORS_TENSION"": {""SupplierCost"": 10.0, ""Duration"": 0.16}, ""HTB1"": {""SupplierCost"": 10.0, ""Duration"": 0.16}, ""HTB2"": {""SupplierCost"": 10.0, ""Duration"": 0.16}, ""HTB3"": {""SupplierCost"": 10.0, ""Duration"": 0.16}}"
Embase_Reparation,Embase,FALSE,FALSE,FALSE,"[""Gaela_RI1""]","{""HORS_TENSION"": {""SupplierCost"": 0.0, ""Duration"": 0.16}, ""HTB1"": {""SupplierCost"": 10.0, ""Duration"": 0.16}, ""HTB2"": {""SupplierCost"": 10.0, ""Duration"": 0.16}, ""HTB3"": {""SupplierCost"": 10.0, ""Duration"": 0.16}}"
Fondation_curatif,Fondation,FALSE,FALSE,FALSE,"[""Pylone_Curatif""]","{""HORS_TENSION"": {""SupplierCost"": 10.0, ""Duration"": 0.16}, ""HTB1"": {""SupplierCost"": 10.0, ""Duration"": 0.16}, ""HTB2"": {""SupplierCost"": 10.0, ""Duration"": 0.16}, ""HTB3"": {""SupplierCost"": 10.0, ""Duration"": 0.16}}"
Fondation_Depose,Fondation,FALSE,TRUE,FALSE,"[""Gaela_RI1""]","{""HORS_TENSION"": {""SupplierCost"": 10.0, ""Duration"": 0.16}, ""HTB1"": {""SupplierCost"": 10.0, ""Duration"": 0.16}, ""HTB2"": {""SupplierCost"": 10.0, ""Duration"": 0.16}, ""HTB3"": {""SupplierCost"": 10.0, ""Duration"": 0.16}}"
Fondation_Reparation,Fondation,FALSE,FALSE,FALSE,"[""Gaela_RI1""]","{""HORS_TENSION"": {""SupplierCost"": 0.0, ""Duration"": 0.16}, ""HTB1"": {""SupplierCost"": 10.0, ""Duration"": 0.16}, ""HTB2"": {""SupplierCost"": 10.0, ""Duration"": 0.16}, ""HTB3"": {""SupplierCost"": 10.0, ""Duration"": 0.16}}"
MC1_curatif,MC1,FALSE,FALSE,FALSE,"[""Pylone_Curatif""]","{""HORS_TENSION"": {""SupplierCost"": 10.0, ""Duration"": 0.16}, ""HTB1"": {""SupplierCost"": 10.0, ""Duration"": 0.16}, ""HTB2"": {""SupplierCost"": 10.0, ""Duration"": 0.16}, ""HTB3"": {""SupplierCost"": 10.0, ""Duration"": 0.16}}"
MC2_curatif,MC2,FALSE,FALSE,FALSE,"[""Pylone_Curatif""]","{""HORS_TENSION"": {""SupplierCost"": 10.0, ""Duration"": 0.16}, ""HTB1"": {""SupplierCost"": 10.0, ""Duration"": 0.16}, ""HTB2"": {""SupplierCost"": 10.0, ""Duration"": 0.16}, ""HTB3"": {""SupplierCost"": 10.0, ""Duration"": 0.16}}"
Peinture_AGZCF,Canton,FALSE,TRUE,FALSE,"[""Peinture""]","{""HTB1"": {""SupplierCost"": 6.27, ""Duration"": 0.1}, ""HTB2"": {""SupplierCost"": 11.99, ""Duration"": 0.19}, ""HTB3"": {""SupplierCost"": 19.75, ""Duration"": 0.32}}"
Peinture_AGZCN,Canton,FALSE,TRUE,FALSE,"[""Peinture""]","{""HTB1"": {""SupplierCost"": 4.17, ""Duration"": 0.06}, ""HTB2"": {""SupplierCost"": 6.83, ""Duration"": 0.11}, ""HTB3"": {""SupplierCost"": 14.52, ""Duration"": 0.23}}"
Peinture_ANZCF,Canton,FALSE,TRUE,FALSE,"[""Peinture""]","{""HTB1"": {""SupplierCost"": 11.91, ""Duration"": 0.19}, ""HTB2"": {""SupplierCost"": 22.78, ""Duration"": 0.37}, ""HTB3"": {""SupplierCost"": 37.53, ""Duration"": 0.61}}"
Peinture_ANZCN,Canton,FALSE,TRUE,FALSE,"[""Peinture""]","{""HTB1"": {""SupplierCost"": 7.51, ""Duration"": 0.12}, ""HTB2"": {""SupplierCost"": 12.27, ""Duration"": 0.19}, ""HTB3"": {""SupplierCost"": 26.08, ""Duration"": 0.42}}"
Pylone_Depose,Pylone,FALSE,TRUE,FALSE,"[""Gaela_HC1""]","{""HORS_TENSION"": {""SupplierCost"": 10.0, ""Duration"": 0.16}, ""HTB1"": {""SupplierCost"": 10.0, ""Duration"": 0.16}, ""HTB1_High"": {""SupplierCost"": 10.0, ""Duration"": 0.16}, ""HTB1_Low"": {""SupplierCost"": 10.0, ""Duration"": 0.16}, ""HTB2"": {""SupplierCost"": 10.0, ""Duration"": 0.16}, ""HTB2_High"": {""SupplierCost"": 10.0, ""Duration"": 0.16}, ""HTB2_Low"": {""SupplierCost"": 10.0, ""Duration"": 0.16}, ""HTB3"": {""SupplierCost"": 10.0, ""Duration"": 0.16}, ""HTB3_High"": {""SupplierCost"": 10.0, ""Duration"": 0.16}, ""HTB3_Low"": {""SupplierCost"": 10.0, ""Duration"": 0.16}}"
Pylone_Inspection,Pylone,FALSE,FALSE,FALSE,"[""Surveillance_Pylone""]","{""HORS_TENSION"": {""SupplierCost"": 1.0, ""Duration"": 1e-12}, ""HTB1"": {""SupplierCost"": 1.0, ""Duration"": 0.289}, ""HTB1_High"": {""SupplierCost"": 1.0, ""Duration"": 0.289}, ""HTB1_Low"": {""SupplierCost"": 1.0, ""Duration"": 0.289}, ""HTB2"": {""SupplierCost"": 1.0, ""Duration"": 0.31}, ""HTB2_High"": {""SupplierCost"": 1.0, ""Duration"": 0.31}, ""HTB2_Low"": {""SupplierCost"": 1.0, ""Duration"": 0.31}, ""HTB3"": {""SupplierCost"": 1.0, ""Duration"": 0.41}, ""HTB3_High"": {""SupplierCost"": 1.0, ""Duration"": 0.41}, ""HTB3_Low"": {""SupplierCost"": 1.0, ""Duration"": 0.41}}"
Pylone_Ruine,Pylone,FALSE,TRUE,FALSE,"[""Pylone_Curatif""]","{""HORS_TENSION"": {""SupplierCost"": 102.0, ""Duration"": 1.7}, ""HTB1"": {""SupplierCost"": 102.0, ""Duration"": 1.7}, ""HTB1_High"": {""SupplierCost"": 102.0, ""Duration"": 1.7}, ""HTB1_Low"": {""SupplierCost"": 102.0, ""Duration"": 1.7}, ""HTB2"": {""SupplierCost"": 144.0, ""Duration"": 2.34}, ""HTB2_High"": {""SupplierCost"": 144.0, ""Duration"": 2.34}, ""HTB2_Low"": {""SupplierCost"": 144.0, ""Duration"": 2.34}, ""HTB3"": {""SupplierCost"": 261.0, ""Duration"": 4.25}, ""HTB3_High"": {""SupplierCost"": 261.0, ""Duration"": 4.25}, ""HTB3_Low"": {""SupplierCost"": 261.0, ""Duration"": 4.25}}"
Pylones_Equiv_Haut,Canton,FALSE,TRUE,FALSE,"[""Gaela_RI1""]","{""HORS_TENSION"": {""SupplierCost"": 0.0, ""Duration"": 7.01923}, ""HTB1"": {""SupplierCost"": 377.4, ""Duration"": 6.14}, ""HTB1_High"": {""SupplierCost"": 377.4, ""Duration"": 6.14}, ""HTB1_Low"": {""SupplierCost"": 377.4, ""Duration"": 6.14}, ""HTB2"": {""SupplierCost"": 360.0, ""Duration"": 5.8}, ""HTB2_High"": {""SupplierCost"": 360.0, ""Duration"": 5.8}, ""HTB2_Low"": {""SupplierCost"": 360.0, ""Duration"": 5.8}, ""HTB3"": {""SupplierCost"": 548.1, ""Duration"": 8.83}, ""HTB3_High"": {""SupplierCost"": 548.1, ""Duration"": 8.83}, ""HTB3_Low"": {""SupplierCost"": 548.1, ""Duration"": 8.83}}"
Pylones_Tempo,Canton,FALSE,TRUE,FALSE,"[""Gaela_RI1""]","{""HORS_TENSION"": {""SupplierCost"": 0.0, ""Duration"": 1e-12}, ""HTB1"": {""SupplierCost"": 218.3, ""Duration"": 3.55}, ""HTB1_High"": {""SupplierCost"": 218.3, ""Duration"": 3.55}, ""HTB1_Low"": {""SupplierCost"": 218.3, ""Duration"": 3.55}, ""HTB2"": {""SupplierCost"": 215.0, ""Duration"": 3.5}, ""HTB2_High"": {""SupplierCost"": 215.0, ""Duration"": 3.5}, ""HTB2_Low"": {""SupplierCost"": 215.0, ""Duration"": 3.5}, ""HTB3"": {""SupplierCost"": 302.4, ""Duration"": 4.92}, ""HTB3_High"": {""SupplierCost"": 302.4, ""Duration"": 4.92}, ""HTB3_Low"": {""SupplierCost"": 302.4, ""Duration"": 4.92}}"
Remplacement_poteau_bois,Canton,FALSE,TRUE,FALSE,"[""Gaela_HC1""]","{""HTB1"": {""SupplierCost"": 91.13, ""Duration"": 1.48}, ""HTB2"": {""SupplierCost"": 91.13, ""Duration"": 1.48}, ""HTB3"": {""SupplierCost"": 0.0, ""Duration"": 1e-12}}"
Remplacement_poteaux_beton,Canton,FALSE,TRUE,FALSE,"[""Gaela_RI1""]","{""HTB1"": {""SupplierCost"": 223.45, ""Duration"": 3.83}, ""HTB2"": {""SupplierCost"": 323.41, ""Duration"": 5.23}, ""HTB3"": {""SupplierCost"": 0.0, ""Duration"": 1e-12}}"
Renouvellement_Canton_Beton,Canton,FALSE,TRUE,FALSE,"[""Gaela_RE1""]","{""HORS_TENSION"": {""SupplierCost"": 0.0, ""Duration"": 1e-12}, ""HTB1"": {""SupplierCost"": 406.0, ""Duration"": 40.0}, ""HTB1_High"": {""SupplierCost"": 406.0, ""Duration"": 40.0}, ""HTB1_Low"": {""SupplierCost"": 406.0, ""Duration"": 40.0}, ""HTB2"": {""SupplierCost"": 552.0, ""Duration"": 54.0}, ""HTB2_High"": {""SupplierCost"": 552.0, ""Duration"": 54.0}, ""HTB2_Low"": {""SupplierCost"": 552.0, ""Duration"": 54.0}, ""HTB3"": {""SupplierCost"": 0.0, ""Duration"": 1e-12}, ""HTB3_High"": {""SupplierCost"": 0.0, ""Duration"": 1e-12}, ""HTB3_Low"": {""SupplierCost"": 0.0, ""Duration"": 1e-12}}"
Renouvellement_Canton_Bois,Canton,FALSE,TRUE,FALSE,"[""Gaela_RE1""]","{""HORS_TENSION"": {""SupplierCost"": 0.0, ""Duration"": 1e-12}, ""HTB1"": {""SupplierCost"": 133.0, ""Duration"": 13.0}, ""HTB1_High"": {""SupplierCost"": 133.0, ""Duration"": 13.0}, ""HTB1_Low"": {""SupplierCost"": 133.0, ""Duration"": 13.0}, ""HTB2"": {""SupplierCost"": 163.0, ""Duration"": 16.0}, ""HTB2_High"": {""SupplierCost"": 163.0, ""Duration"": 16.0}, ""HTB2_Low"": {""SupplierCost"": 163.0, ""Duration"": 16.0}, ""HTB3"": {""SupplierCost"": 0.0, ""Duration"": 1e-12}, ""HTB3_High"": {""SupplierCost"": 0.0, ""Duration"": 1e-12}, ""HTB3_Low"": {""SupplierCost"": 0.0, ""Duration"": 1e-12}}"
