source,target
Canton_Depose,Canton_Depose_EEL
Canton_Renouvellement,Canton_Renouvellement_EEL
Conducteur_BrinCoupe,Conducteur_BrinCoupe_EEL
Conducteur_Depose,Conducteur_Depose_EEL
Conducteur_Inspection,Conducteur_Inspection_EEL
Conducteur_Remplacement_Simple _sur_Canton,ELL_Remplacement_Conducteur
Conducteur_Remplacement_Superieur,Conducteur_Remplacement_EEL
Conducteur_Rupture,Conducteur_Rupture_EEL
Embase_Depose,Embase_Depose_EEL
Embase_Reparation,Embase_Reparation_EEL
Embase_curatif,EEL_Embase_curatif
Fondation_Depose,Fondation_Depose_EEL
Fondation_Reparation,Fondation_Reparation_EEL
Fondation_curatif,EEL_Fondation_Curatif
MC1_curatif,EEL_MC1_curatif
MC2_curatif,EEL_MC2_curatif
Peinture_AGZCF,Task_Peinture_AGZCF
Peinture_AGZCN,Task_Peinture_AGZCN
Peinture_ANZCF,Task_Peinture_ANZCF
Peinture_ANZCN,Task_Peinture_ANZCN
Pylone_Depose,Pylone_Depose_EEL
Pylone_Inspection,Pylone_Inspection_SLA
Pylone_Ruine,Pylone_Ruine_EEL
Pylones_Equiv_Haut,EEL_Equiv_Haut
Pylones_Tempo,ELL_Pylones_tempo
Remplacement_poteau_bois,Remplacement_bois
Remplacement_poteaux_beton,Remplacement_beton
Renouvellement_Canton_Beton,Renouvellement_Canton_Béton
Renouvellement_Canton_Bois,Canton_renouvellement_bois
