source,target
Canton_Depose,Canton_Depose_Agent_Pylone_Peint_TREILLIS_AG
Canton_Depose,Canton_Depose_Agent_Pylone_Peint_TREILLIS_AN
Canton_Depose,Canton_Depose_Agent_Pylone_Peint_TUBULAIRE_AG
Canton_Depose,Canton_Depose_Agent_Pylone_Peint_TUBULAIRE_AN
Canton_Depose,Canton_Depose_Conducteur_ALMELEC
Canton_Depose,Canton_Depose_Conducteur_ALMELEC+ACIER
Canton_Depose,Canton_Depose_Conducteur_ALUMINIUM
Canton_Depose,Canton_Depose_Conducteur_ALUMINIUM+ACIER
Canton_Depose,Canton_Depose_Conducteur_CABLE_FAIBLE_DILATATION
Canton_Depose,Canton_Depose_Conducteur_CUIVRE
Canton_Depose,Canton_Depose_Embase
Canton_Depose,Canton_Depose_Fondation
Canton_Depose,Canton_Depose_MC1
Canton_Depose,Canton_Depose_MC2
Canton_Depose,Canton_Depose_Poteau_BETON
Canton_Depose,Canton_Depose_Poteau_BOIS
Canton_Depose,Canton_Depose_Pylone_TREILLIS_AG
Canton_Depose,Canton_Depose_Pylone_TREILLIS_AG_TEMP
Canton_Depose,Canton_Depose_Pylone_TREILLIS_AN
Canton_Depose,Canton_Depose_Pylone_TREILLIS_AN_TEMP
Canton_Depose,Canton_Depose_Pylone_TUBULAIRE_AG
Canton_Depose,Canton_Depose_Pylone_TUBULAIRE_AN
Canton_Renouvellement,Canton_Renouvellement_Agent_Pylone_Peint_TREILLIS_AG
Canton_Renouvellement,Canton_Renouvellement_Agent_Pylone_Peint_TREILLIS_AN
Canton_Renouvellement,Canton_Renouvellement_Agent_Pylone_Peint_TUBULAIRE_AG
Canton_Renouvellement,Canton_Renouvellement_Agent_Pylone_Peint_TUBULAIRE_AN
Canton_Renouvellement,Canton_Renouvellement_Conducteur_ALMELEC
Canton_Renouvellement,Canton_Renouvellement_Conducteur_ALMELEC+ACIER
Canton_Renouvellement,Canton_Renouvellement_Conducteur_ALUMINIUM
Canton_Renouvellement,Canton_Renouvellement_Conducteur_ALUMINIUM+ACIER
Canton_Renouvellement,Canton_Renouvellement_Conducteur_CABLE_FAIBLE_DILATATION
Canton_Renouvellement,Canton_Renouvellement_Conducteur_CUIVRE
Canton_Renouvellement,Canton_Renouvellement_Embase
Canton_Renouvellement,Canton_Renouvellement_Fondation
Canton_Renouvellement,Canton_Renouvellement_MC1
Canton_Renouvellement,Canton_Renouvellement_MC2
Canton_Renouvellement,Canton_Renouvellement_Poteau_BETON
Canton_Renouvellement,Canton_Renouvellement_Poteau_BOIS
Canton_Renouvellement,Canton_Renouvellement_Pylone_TREILLIS_AG
Canton_Renouvellement,Canton_Renouvellement_Pylone_TREILLIS_AG_TEMP
Canton_Renouvellement,Canton_Renouvellement_Pylone_TREILLIS_AN
Canton_Renouvellement,Canton_Renouvellement_Pylone_TREILLIS_AN_TEMP
Canton_Renouvellement,Canton_Renouvellement_Pylone_TUBULAIRE_AG
Canton_Renouvellement,Canton_Renouvellement_Pylone_TUBULAIRE_AN
Conducteur_BrinCoupe,Conducteur_BrinCoupe_Conducteur_ALMELEC
Conducteur_BrinCoupe,Conducteur_BrinCoupe_Conducteur_ALMELEC+ACIER
Conducteur_BrinCoupe,Conducteur_BrinCoupe_Conducteur_ALUMINIUM
Conducteur_BrinCoupe,Conducteur_BrinCoupe_Conducteur_ALUMINIUM+ACIER
Conducteur_BrinCoupe,Conducteur_BrinCoupe_Conducteur_CABLE_FAIBLE_DILATATION
Conducteur_BrinCoupe,Conducteur_BrinCoupe_Conducteur_CUIVRE
Conducteur_Depose,Conducteur_Depose_Conducteur_ALMELEC
Conducteur_Depose,Conducteur_Depose_Conducteur_ALMELEC+ACIER
Conducteur_Depose,Conducteur_Depose_Conducteur_ALUMINIUM
Conducteur_Depose,Conducteur_Depose_Conducteur_ALUMINIUM+ACIER
Conducteur_Depose,Conducteur_Depose_Conducteur_CABLE_FAIBLE_DILATATION
Conducteur_Depose,Conducteur_Depose_Conducteur_CUIVRE
Conducteur_Inspection,Conducteur_Inspection_Conducteur_ALMELEC
Conducteur_Inspection,Conducteur_Inspection_Conducteur_ALMELEC+ACIER
Conducteur_Inspection,Conducteur_Inspection_Conducteur_ALUMINIUM
Conducteur_Inspection,Conducteur_Inspection_Conducteur_ALUMINIUM+ACIER
Conducteur_Inspection,Conducteur_Inspection_Conducteur_CABLE_FAIBLE_DILATATION
Conducteur_Inspection,Conducteur_Inspection_Conducteur_CUIVRE
Conducteur_Remplacement_Simple _sur_Canton,Conducteur_Remplacement_Simple _sur_Canton_Agent_Pylone_Peint_TREILLIS_AG
Conducteur_Remplacement_Simple _sur_Canton,Conducteur_Remplacement_Simple _sur_Canton_Agent_Pylone_Peint_TREILLIS_AN
Conducteur_Remplacement_Simple _sur_Canton,Conducteur_Remplacement_Simple _sur_Canton_Agent_Pylone_Peint_TUBULAIRE_AG
Conducteur_Remplacement_Simple _sur_Canton,Conducteur_Remplacement_Simple _sur_Canton_Agent_Pylone_Peint_TUBULAIRE_AN
Conducteur_Remplacement_Simple _sur_Canton,Conducteur_Remplacement_Simple _sur_Canton_Conducteur_ALMELEC
Conducteur_Remplacement_Simple _sur_Canton,Conducteur_Remplacement_Simple _sur_Canton_Conducteur_ALMELEC+ACIER
Conducteur_Remplacement_Simple _sur_Canton,Conducteur_Remplacement_Simple _sur_Canton_Conducteur_ALUMINIUM
Conducteur_Remplacement_Simple _sur_Canton,Conducteur_Remplacement_Simple _sur_Canton_Conducteur_ALUMINIUM+ACIER
Conducteur_Remplacement_Simple _sur_Canton,Conducteur_Remplacement_Simple _sur_Canton_Conducteur_CABLE_FAIBLE_DILATATION
Conducteur_Remplacement_Simple _sur_Canton,Conducteur_Remplacement_Simple _sur_Canton_Conducteur_CUIVRE
Conducteur_Remplacement_Simple _sur_Canton,Conducteur_Remplacement_Simple _sur_Canton_Embase
Conducteur_Remplacement_Simple _sur_Canton,Conducteur_Remplacement_Simple _sur_Canton_Fondation
Conducteur_Remplacement_Simple _sur_Canton,Conducteur_Remplacement_Simple _sur_Canton_MC1
Conducteur_Remplacement_Simple _sur_Canton,Conducteur_Remplacement_Simple _sur_Canton_MC2
Conducteur_Remplacement_Simple _sur_Canton,Conducteur_Remplacement_Simple _sur_Canton_Poteau_BETON
Conducteur_Remplacement_Simple _sur_Canton,Conducteur_Remplacement_Simple _sur_Canton_Poteau_BOIS
Conducteur_Remplacement_Simple _sur_Canton,Conducteur_Remplacement_Simple _sur_Canton_Pylone_TREILLIS_AG
Conducteur_Remplacement_Simple _sur_Canton,Conducteur_Remplacement_Simple _sur_Canton_Pylone_TREILLIS_AG_TEMP
Conducteur_Remplacement_Simple _sur_Canton,Conducteur_Remplacement_Simple _sur_Canton_Pylone_TREILLIS_AN
Conducteur_Remplacement_Simple _sur_Canton,Conducteur_Remplacement_Simple _sur_Canton_Pylone_TREILLIS_AN_TEMP
Conducteur_Remplacement_Simple _sur_Canton,Conducteur_Remplacement_Simple _sur_Canton_Pylone_TUBULAIRE_AG
Conducteur_Remplacement_Simple _sur_Canton,Conducteur_Remplacement_Simple _sur_Canton_Pylone_TUBULAIRE_AN
Conducteur_Remplacement_Superieur,Conducteur_Remplacement_Superieur_Agent_Pylone_Peint_TREILLIS_AG
Conducteur_Remplacement_Superieur,Conducteur_Remplacement_Superieur_Agent_Pylone_Peint_TREILLIS_AN
Conducteur_Remplacement_Superieur,Conducteur_Remplacement_Superieur_Agent_Pylone_Peint_TUBULAIRE_AG
Conducteur_Remplacement_Superieur,Conducteur_Remplacement_Superieur_Agent_Pylone_Peint_TUBULAIRE_AN
Conducteur_Remplacement_Superieur,Conducteur_Remplacement_Superieur_Conducteur_ALMELEC
Conducteur_Remplacement_Superieur,Conducteur_Remplacement_Superieur_Conducteur_ALMELEC+ACIER
Conducteur_Remplacement_Superieur,Conducteur_Remplacement_Superieur_Conducteur_ALUMINIUM
Conducteur_Remplacement_Superieur,Conducteur_Remplacement_Superieur_Conducteur_ALUMINIUM+ACIER
Conducteur_Remplacement_Superieur,Conducteur_Remplacement_Superieur_Conducteur_CABLE_FAIBLE_DILATATION
Conducteur_Remplacement_Superieur,Conducteur_Remplacement_Superieur_Conducteur_CUIVRE
Conducteur_Remplacement_Superieur,Conducteur_Remplacement_Superieur_Embase
Conducteur_Remplacement_Superieur,Conducteur_Remplacement_Superieur_Fondation
Conducteur_Remplacement_Superieur,Conducteur_Remplacement_Superieur_MC1
Conducteur_Remplacement_Superieur,Conducteur_Remplacement_Superieur_MC2
Conducteur_Remplacement_Superieur,Conducteur_Remplacement_Superieur_Poteau_BETON
Conducteur_Remplacement_Superieur,Conducteur_Remplacement_Superieur_Poteau_BOIS
Conducteur_Remplacement_Superieur,Conducteur_Remplacement_Superieur_Pylone_TREILLIS_AG
Conducteur_Remplacement_Superieur,Conducteur_Remplacement_Superieur_Pylone_TREILLIS_AG_TEMP
Conducteur_Remplacement_Superieur,Conducteur_Remplacement_Superieur_Pylone_TREILLIS_AN
Conducteur_Remplacement_Superieur,Conducteur_Remplacement_Superieur_Pylone_TREILLIS_AN_TEMP
Conducteur_Remplacement_Superieur,Conducteur_Remplacement_Superieur_Pylone_TUBULAIRE_AG
Conducteur_Remplacement_Superieur,Conducteur_Remplacement_Superieur_Pylone_TUBULAIRE_AN
Conducteur_Rupture,Conducteur_Rupture_Conducteur_ALMELEC
Conducteur_Rupture,Conducteur_Rupture_Conducteur_ALMELEC+ACIER
Conducteur_Rupture,Conducteur_Rupture_Conducteur_ALUMINIUM
Conducteur_Rupture,Conducteur_Rupture_Conducteur_ALUMINIUM+ACIER
Conducteur_Rupture,Conducteur_Rupture_Conducteur_CABLE_FAIBLE_DILATATION
Conducteur_Rupture,Conducteur_Rupture_Conducteur_CUIVRE
Embase_Depose,Embase_Depose_Embase
Embase_Reparation,Embase_Reparation_Embase
Embase_curatif,Embase_curatif_Embase
Fondation_Depose,Fondation_Depose_Fondation
Fondation_Reparation,Fondation_Reparation_Fondation
Fondation_curatif,Fondation_curatif_Fondation
MC1_curatif,MC1_curatif_MC1
MC2_curatif,MC2_curatif_MC2
Peinture_AGZCF,Peinture_AGZCF_Agent_Pylone_Peint_TREILLIS_AG
Peinture_AGZCF,Peinture_AGZCF_Agent_Pylone_Peint_TREILLIS_AN
Peinture_AGZCF,Peinture_AGZCF_Agent_Pylone_Peint_TUBULAIRE_AG
Peinture_AGZCF,Peinture_AGZCF_Agent_Pylone_Peint_TUBULAIRE_AN
Peinture_AGZCF,Peinture_AGZCF_Conducteur_ALMELEC
Peinture_AGZCF,Peinture_AGZCF_Conducteur_ALMELEC+ACIER
Peinture_AGZCF,Peinture_AGZCF_Conducteur_ALUMINIUM
Peinture_AGZCF,Peinture_AGZCF_Conducteur_ALUMINIUM+ACIER
Peinture_AGZCF,Peinture_AGZCF_Conducteur_CABLE_FAIBLE_DILATATION
Peinture_AGZCF,Peinture_AGZCF_Conducteur_CUIVRE
Peinture_AGZCF,Peinture_AGZCF_Embase
Peinture_AGZCF,Peinture_AGZCF_Fondation
Peinture_AGZCF,Peinture_AGZCF_MC1
Peinture_AGZCF,Peinture_AGZCF_MC2
Peinture_AGZCF,Peinture_AGZCF_Poteau_BETON
Peinture_AGZCF,Peinture_AGZCF_Poteau_BOIS
Peinture_AGZCF,Peinture_AGZCF_Pylone_TREILLIS_AG
Peinture_AGZCF,Peinture_AGZCF_Pylone_TREILLIS_AG_TEMP
Peinture_AGZCF,Peinture_AGZCF_Pylone_TREILLIS_AN
Peinture_AGZCF,Peinture_AGZCF_Pylone_TREILLIS_AN_TEMP
Peinture_AGZCF,Peinture_AGZCF_Pylone_TUBULAIRE_AG
Peinture_AGZCF,Peinture_AGZCF_Pylone_TUBULAIRE_AN
Peinture_AGZCN,Peinture_AGZCN_Agent_Pylone_Peint_TREILLIS_AG
Peinture_AGZCN,Peinture_AGZCN_Agent_Pylone_Peint_TREILLIS_AN
Peinture_AGZCN,Peinture_AGZCN_Agent_Pylone_Peint_TUBULAIRE_AG
Peinture_AGZCN,Peinture_AGZCN_Agent_Pylone_Peint_TUBULAIRE_AN
Peinture_AGZCN,Peinture_AGZCN_Conducteur_ALMELEC
Peinture_AGZCN,Peinture_AGZCN_Conducteur_ALMELEC+ACIER
Peinture_AGZCN,Peinture_AGZCN_Conducteur_ALUMINIUM
Peinture_AGZCN,Peinture_AGZCN_Conducteur_ALUMINIUM+ACIER
Peinture_AGZCN,Peinture_AGZCN_Conducteur_CABLE_FAIBLE_DILATATION
Peinture_AGZCN,Peinture_AGZCN_Conducteur_CUIVRE
Peinture_AGZCN,Peinture_AGZCN_Embase
Peinture_AGZCN,Peinture_AGZCN_Fondation
Peinture_AGZCN,Peinture_AGZCN_MC1
Peinture_AGZCN,Peinture_AGZCN_MC2
Peinture_AGZCN,Peinture_AGZCN_Poteau_BETON
Peinture_AGZCN,Peinture_AGZCN_Poteau_BOIS
Peinture_AGZCN,Peinture_AGZCN_Pylone_TREILLIS_AG
Peinture_AGZCN,Peinture_AGZCN_Pylone_TREILLIS_AG_TEMP
Peinture_AGZCN,Peinture_AGZCN_Pylone_TREILLIS_AN
Peinture_AGZCN,Peinture_AGZCN_Pylone_TREILLIS_AN_TEMP
Peinture_AGZCN,Peinture_AGZCN_Pylone_TUBULAIRE_AG
Peinture_AGZCN,Peinture_AGZCN_Pylone_TUBULAIRE_AN
Peinture_ANZCF,Peinture_ANZCF_Agent_Pylone_Peint_TREILLIS_AG
Peinture_ANZCF,Peinture_ANZCF_Agent_Pylone_Peint_TREILLIS_AN
Peinture_ANZCF,Peinture_ANZCF_Agent_Pylone_Peint_TUBULAIRE_AG
Peinture_ANZCF,Peinture_ANZCF_Agent_Pylone_Peint_TUBULAIRE_AN
Peinture_ANZCF,Peinture_ANZCF_Conducteur_ALMELEC
Peinture_ANZCF,Peinture_ANZCF_Conducteur_ALMELEC+ACIER
Peinture_ANZCF,Peinture_ANZCF_Conducteur_ALUMINIUM
Peinture_ANZCF,Peinture_ANZCF_Conducteur_ALUMINIUM+ACIER
Peinture_ANZCF,Peinture_ANZCF_Conducteur_CABLE_FAIBLE_DILATATION
Peinture_ANZCF,Peinture_ANZCF_Conducteur_CUIVRE
Peinture_ANZCF,Peinture_ANZCF_Embase
Peinture_ANZCF,Peinture_ANZCF_Fondation
Peinture_ANZCF,Peinture_ANZCF_MC1
Peinture_ANZCF,Peinture_ANZCF_MC2
Peinture_ANZCF,Peinture_ANZCF_Poteau_BETON
Peinture_ANZCF,Peinture_ANZCF_Poteau_BOIS
Peinture_ANZCF,Peinture_ANZCF_Pylone_TREILLIS_AG
Peinture_ANZCF,Peinture_ANZCF_Pylone_TREILLIS_AG_TEMP
Peinture_ANZCF,Peinture_ANZCF_Pylone_TREILLIS_AN
Peinture_ANZCF,Peinture_ANZCF_Pylone_TREILLIS_AN_TEMP
Peinture_ANZCF,Peinture_ANZCF_Pylone_TUBULAIRE_AG
Peinture_ANZCF,Peinture_ANZCF_Pylone_TUBULAIRE_AN
Peinture_ANZCN,Peinture_ANZCN_Agent_Pylone_Peint_TREILLIS_AG
Peinture_ANZCN,Peinture_ANZCN_Agent_Pylone_Peint_TREILLIS_AN
Peinture_ANZCN,Peinture_ANZCN_Agent_Pylone_Peint_TUBULAIRE_AG
Peinture_ANZCN,Peinture_ANZCN_Agent_Pylone_Peint_TUBULAIRE_AN
Peinture_ANZCN,Peinture_ANZCN_Conducteur_ALMELEC
Peinture_ANZCN,Peinture_ANZCN_Conducteur_ALMELEC+ACIER
Peinture_ANZCN,Peinture_ANZCN_Conducteur_ALUMINIUM
Peinture_ANZCN,Peinture_ANZCN_Conducteur_ALUMINIUM+ACIER
Peinture_ANZCN,Peinture_ANZCN_Conducteur_CABLE_FAIBLE_DILATATION
Peinture_ANZCN,Peinture_ANZCN_Conducteur_CUIVRE
Peinture_ANZCN,Peinture_ANZCN_Embase
Peinture_ANZCN,Peinture_ANZCN_Fondation
Peinture_ANZCN,Peinture_ANZCN_MC1
Peinture_ANZCN,Peinture_ANZCN_MC2
Peinture_ANZCN,Peinture_ANZCN_Poteau_BETON
Peinture_ANZCN,Peinture_ANZCN_Poteau_BOIS
Peinture_ANZCN,Peinture_ANZCN_Pylone_TREILLIS_AG
Peinture_ANZCN,Peinture_ANZCN_Pylone_TREILLIS_AG_TEMP
Peinture_ANZCN,Peinture_ANZCN_Pylone_TREILLIS_AN
Peinture_ANZCN,Peinture_ANZCN_Pylone_TREILLIS_AN_TEMP
Peinture_ANZCN,Peinture_ANZCN_Pylone_TUBULAIRE_AG
Peinture_ANZCN,Peinture_ANZCN_Pylone_TUBULAIRE_AN
Pylone_Depose,Pylone_Depose_Agent_Pylone_Peint_TREILLIS_AG
Pylone_Depose,Pylone_Depose_Agent_Pylone_Peint_TREILLIS_AN
Pylone_Depose,Pylone_Depose_Agent_Pylone_Peint_TUBULAIRE_AG
Pylone_Depose,Pylone_Depose_Agent_Pylone_Peint_TUBULAIRE_AN
Pylone_Depose,Pylone_Depose_Embase
Pylone_Depose,Pylone_Depose_Fondation
Pylone_Depose,Pylone_Depose_MC1
Pylone_Depose,Pylone_Depose_MC2
Pylone_Depose,Pylone_Depose_Poteau_BETON
Pylone_Depose,Pylone_Depose_Poteau_BOIS
Pylone_Depose,Pylone_Depose_Pylone_TREILLIS_AG
Pylone_Depose,Pylone_Depose_Pylone_TREILLIS_AG_TEMP
Pylone_Depose,Pylone_Depose_Pylone_TREILLIS_AN
Pylone_Depose,Pylone_Depose_Pylone_TREILLIS_AN_TEMP
Pylone_Depose,Pylone_Depose_Pylone_TUBULAIRE_AG
Pylone_Depose,Pylone_Depose_Pylone_TUBULAIRE_AN
Pylone_Inspection,Pylone_Inspection_Agent_Pylone_Peint_TREILLIS_AG
Pylone_Inspection,Pylone_Inspection_Agent_Pylone_Peint_TREILLIS_AN
Pylone_Inspection,Pylone_Inspection_Agent_Pylone_Peint_TUBULAIRE_AG
Pylone_Inspection,Pylone_Inspection_Agent_Pylone_Peint_TUBULAIRE_AN
Pylone_Inspection,Pylone_Inspection_Embase
Pylone_Inspection,Pylone_Inspection_Fondation
Pylone_Inspection,Pylone_Inspection_MC1
Pylone_Inspection,Pylone_Inspection_MC2
Pylone_Inspection,Pylone_Inspection_Poteau_BETON
Pylone_Inspection,Pylone_Inspection_Poteau_BOIS
Pylone_Inspection,Pylone_Inspection_Pylone_TREILLIS_AG
Pylone_Inspection,Pylone_Inspection_Pylone_TREILLIS_AG_TEMP
Pylone_Inspection,Pylone_Inspection_Pylone_TREILLIS_AN
Pylone_Inspection,Pylone_Inspection_Pylone_TREILLIS_AN_TEMP
Pylone_Inspection,Pylone_Inspection_Pylone_TUBULAIRE_AG
Pylone_Inspection,Pylone_Inspection_Pylone_TUBULAIRE_AN
Pylone_Ruine,Pylone_Ruine_Agent_Pylone_Peint_TREILLIS_AG
Pylone_Ruine,Pylone_Ruine_Agent_Pylone_Peint_TREILLIS_AN
Pylone_Ruine,Pylone_Ruine_Agent_Pylone_Peint_TUBULAIRE_AG
Pylone_Ruine,Pylone_Ruine_Agent_Pylone_Peint_TUBULAIRE_AN
Pylone_Ruine,Pylone_Ruine_Embase
Pylone_Ruine,Pylone_Ruine_Fondation
Pylone_Ruine,Pylone_Ruine_MC1
Pylone_Ruine,Pylone_Ruine_MC2
Pylone_Ruine,Pylone_Ruine_Poteau_BETON
Pylone_Ruine,Pylone_Ruine_Poteau_BOIS
Pylone_Ruine,Pylone_Ruine_Pylone_TREILLIS_AG
Pylone_Ruine,Pylone_Ruine_Pylone_TREILLIS_AG_TEMP
Pylone_Ruine,Pylone_Ruine_Pylone_TREILLIS_AN
Pylone_Ruine,Pylone_Ruine_Pylone_TREILLIS_AN_TEMP
Pylone_Ruine,Pylone_Ruine_Pylone_TUBULAIRE_AG
Pylone_Ruine,Pylone_Ruine_Pylone_TUBULAIRE_AN
Pylones_Equiv_Haut,Pylones_Equiv_Haut_Agent_Pylone_Peint_TREILLIS_AG
Pylones_Equiv_Haut,Pylones_Equiv_Haut_Agent_Pylone_Peint_TREILLIS_AN
Pylones_Equiv_Haut,Pylones_Equiv_Haut_Agent_Pylone_Peint_TUBULAIRE_AG
Pylones_Equiv_Haut,Pylones_Equiv_Haut_Agent_Pylone_Peint_TUBULAIRE_AN
Pylones_Equiv_Haut,Pylones_Equiv_Haut_Conducteur_ALMELEC
Pylones_Equiv_Haut,Pylones_Equiv_Haut_Conducteur_ALMELEC+ACIER
Pylones_Equiv_Haut,Pylones_Equiv_Haut_Conducteur_ALUMINIUM
Pylones_Equiv_Haut,Pylones_Equiv_Haut_Conducteur_ALUMINIUM+ACIER
Pylones_Equiv_Haut,Pylones_Equiv_Haut_Conducteur_CABLE_FAIBLE_DILATATION
Pylones_Equiv_Haut,Pylones_Equiv_Haut_Conducteur_CUIVRE
Pylones_Equiv_Haut,Pylones_Equiv_Haut_Embase
Pylones_Equiv_Haut,Pylones_Equiv_Haut_Fondation
Pylones_Equiv_Haut,Pylones_Equiv_Haut_MC1
Pylones_Equiv_Haut,Pylones_Equiv_Haut_MC2
Pylones_Equiv_Haut,Pylones_Equiv_Haut_Poteau_BETON
Pylones_Equiv_Haut,Pylones_Equiv_Haut_Poteau_BOIS
Pylones_Equiv_Haut,Pylones_Equiv_Haut_Pylone_TREILLIS_AG
Pylones_Equiv_Haut,Pylones_Equiv_Haut_Pylone_TREILLIS_AG_TEMP
Pylones_Equiv_Haut,Pylones_Equiv_Haut_Pylone_TREILLIS_AN
Pylones_Equiv_Haut,Pylones_Equiv_Haut_Pylone_TREILLIS_AN_TEMP
Pylones_Equiv_Haut,Pylones_Equiv_Haut_Pylone_TUBULAIRE_AG
Pylones_Equiv_Haut,Pylones_Equiv_Haut_Pylone_TUBULAIRE_AN
Pylones_Tempo,Pylones_Tempo_Agent_Pylone_Peint_TREILLIS_AG
Pylones_Tempo,Pylones_Tempo_Agent_Pylone_Peint_TREILLIS_AN
Pylones_Tempo,Pylones_Tempo_Agent_Pylone_Peint_TUBULAIRE_AG
Pylones_Tempo,Pylones_Tempo_Agent_Pylone_Peint_TUBULAIRE_AN
Pylones_Tempo,Pylones_Tempo_Conducteur_ALMELEC
Pylones_Tempo,Pylones_Tempo_Conducteur_ALMELEC+ACIER
Pylones_Tempo,Pylones_Tempo_Conducteur_ALUMINIUM
Pylones_Tempo,Pylones_Tempo_Conducteur_ALUMINIUM+ACIER
Pylones_Tempo,Pylones_Tempo_Conducteur_CABLE_FAIBLE_DILATATION
Pylones_Tempo,Pylones_Tempo_Conducteur_CUIVRE
Pylones_Tempo,Pylones_Tempo_Embase
Pylones_Tempo,Pylones_Tempo_Fondation
Pylones_Tempo,Pylones_Tempo_MC1
Pylones_Tempo,Pylones_Tempo_MC2
Pylones_Tempo,Pylones_Tempo_Poteau_BETON
Pylones_Tempo,Pylones_Tempo_Poteau_BOIS
Pylones_Tempo,Pylones_Tempo_Pylone_TREILLIS_AG
Pylones_Tempo,Pylones_Tempo_Pylone_TREILLIS_AG_TEMP
Pylones_Tempo,Pylones_Tempo_Pylone_TREILLIS_AN
Pylones_Tempo,Pylones_Tempo_Pylone_TREILLIS_AN_TEMP
Pylones_Tempo,Pylones_Tempo_Pylone_TUBULAIRE_AG
Pylones_Tempo,Pylones_Tempo_Pylone_TUBULAIRE_AN
Remplacement_poteau_bois,Remplacement_poteau_bois_Agent_Pylone_Peint_TREILLIS_AG
Remplacement_poteau_bois,Remplacement_poteau_bois_Agent_Pylone_Peint_TREILLIS_AN
Remplacement_poteau_bois,Remplacement_poteau_bois_Agent_Pylone_Peint_TUBULAIRE_AG
Remplacement_poteau_bois,Remplacement_poteau_bois_Agent_Pylone_Peint_TUBULAIRE_AN
Remplacement_poteau_bois,Remplacement_poteau_bois_Conducteur_ALMELEC
Remplacement_poteau_bois,Remplacement_poteau_bois_Conducteur_ALMELEC+ACIER
Remplacement_poteau_bois,Remplacement_poteau_bois_Conducteur_ALUMINIUM
Remplacement_poteau_bois,Remplacement_poteau_bois_Conducteur_ALUMINIUM+ACIER
Remplacement_poteau_bois,Remplacement_poteau_bois_Conducteur_CABLE_FAIBLE_DILATATION
Remplacement_poteau_bois,Remplacement_poteau_bois_Conducteur_CUIVRE
Remplacement_poteau_bois,Remplacement_poteau_bois_Embase
Remplacement_poteau_bois,Remplacement_poteau_bois_Fondation
Remplacement_poteau_bois,Remplacement_poteau_bois_MC1
Remplacement_poteau_bois,Remplacement_poteau_bois_MC2
Remplacement_poteau_bois,Remplacement_poteau_bois_Poteau_BETON
Remplacement_poteau_bois,Remplacement_poteau_bois_Poteau_BOIS
Remplacement_poteau_bois,Remplacement_poteau_bois_Pylone_TREILLIS_AG
Remplacement_poteau_bois,Remplacement_poteau_bois_Pylone_TREILLIS_AG_TEMP
Remplacement_poteau_bois,Remplacement_poteau_bois_Pylone_TREILLIS_AN
Remplacement_poteau_bois,Remplacement_poteau_bois_Pylone_TREILLIS_AN_TEMP
Remplacement_poteau_bois,Remplacement_poteau_bois_Pylone_TUBULAIRE_AG
Remplacement_poteau_bois,Remplacement_poteau_bois_Pylone_TUBULAIRE_AN
Remplacement_poteaux_beton,Remplacement_poteaux_beton_Agent_Pylone_Peint_TREILLIS_AG
Remplacement_poteaux_beton,Remplacement_poteaux_beton_Agent_Pylone_Peint_TREILLIS_AN
Remplacement_poteaux_beton,Remplacement_poteaux_beton_Agent_Pylone_Peint_TUBULAIRE_AG
Remplacement_poteaux_beton,Remplacement_poteaux_beton_Agent_Pylone_Peint_TUBULAIRE_AN
Remplacement_poteaux_beton,Remplacement_poteaux_beton_Conducteur_ALMELEC
Remplacement_poteaux_beton,Remplacement_poteaux_beton_Conducteur_ALMELEC+ACIER
Remplacement_poteaux_beton,Remplacement_poteaux_beton_Conducteur_ALUMINIUM
Remplacement_poteaux_beton,Remplacement_poteaux_beton_Conducteur_ALUMINIUM+ACIER
Remplacement_poteaux_beton,Remplacement_poteaux_beton_Conducteur_CABLE_FAIBLE_DILATATION
Remplacement_poteaux_beton,Remplacement_poteaux_beton_Conducteur_CUIVRE
Remplacement_poteaux_beton,Remplacement_poteaux_beton_Embase
Remplacement_poteaux_beton,Remplacement_poteaux_beton_Fondation
Remplacement_poteaux_beton,Remplacement_poteaux_beton_MC1
Remplacement_poteaux_beton,Remplacement_poteaux_beton_MC2
Remplacement_poteaux_beton,Remplacement_poteaux_beton_Poteau_BETON
Remplacement_poteaux_beton,Remplacement_poteaux_beton_Poteau_BOIS
Remplacement_poteaux_beton,Remplacement_poteaux_beton_Pylone_TREILLIS_AG
Remplacement_poteaux_beton,Remplacement_poteaux_beton_Pylone_TREILLIS_AG_TEMP
Remplacement_poteaux_beton,Remplacement_poteaux_beton_Pylone_TREILLIS_AN
Remplacement_poteaux_beton,Remplacement_poteaux_beton_Pylone_TREILLIS_AN_TEMP
Remplacement_poteaux_beton,Remplacement_poteaux_beton_Pylone_TUBULAIRE_AG
Remplacement_poteaux_beton,Remplacement_poteaux_beton_Pylone_TUBULAIRE_AN
Renouvellement_Canton_Beton,Renouvellement_Canton_Beton_Agent_Pylone_Peint_TREILLIS_AG
Renouvellement_Canton_Beton,Renouvellement_Canton_Beton_Agent_Pylone_Peint_TREILLIS_AN
Renouvellement_Canton_Beton,Renouvellement_Canton_Beton_Agent_Pylone_Peint_TUBULAIRE_AG
Renouvellement_Canton_Beton,Renouvellement_Canton_Beton_Agent_Pylone_Peint_TUBULAIRE_AN
Renouvellement_Canton_Beton,Renouvellement_Canton_Beton_Conducteur_ALMELEC
Renouvellement_Canton_Beton,Renouvellement_Canton_Beton_Conducteur_ALMELEC+ACIER
Renouvellement_Canton_Beton,Renouvellement_Canton_Beton_Conducteur_ALUMINIUM
Renouvellement_Canton_Beton,Renouvellement_Canton_Beton_Conducteur_ALUMINIUM+ACIER
Renouvellement_Canton_Beton,Renouvellement_Canton_Beton_Conducteur_CABLE_FAIBLE_DILATATION
Renouvellement_Canton_Beton,Renouvellement_Canton_Beton_Conducteur_CUIVRE
Renouvellement_Canton_Beton,Renouvellement_Canton_Beton_Embase
Renouvellement_Canton_Beton,Renouvellement_Canton_Beton_Fondation
Renouvellement_Canton_Beton,Renouvellement_Canton_Beton_MC1
Renouvellement_Canton_Beton,Renouvellement_Canton_Beton_MC2
Renouvellement_Canton_Beton,Renouvellement_Canton_Beton_Poteau_BETON
Renouvellement_Canton_Beton,Renouvellement_Canton_Beton_Poteau_BOIS
Renouvellement_Canton_Beton,Renouvellement_Canton_Beton_Pylone_TREILLIS_AG
Renouvellement_Canton_Beton,Renouvellement_Canton_Beton_Pylone_TREILLIS_AG_TEMP
Renouvellement_Canton_Beton,Renouvellement_Canton_Beton_Pylone_TREILLIS_AN
Renouvellement_Canton_Beton,Renouvellement_Canton_Beton_Pylone_TREILLIS_AN_TEMP
Renouvellement_Canton_Beton,Renouvellement_Canton_Beton_Pylone_TUBULAIRE_AG
Renouvellement_Canton_Beton,Renouvellement_Canton_Beton_Pylone_TUBULAIRE_AN
Renouvellement_Canton_Bois,Renouvellement_Canton_Bois_Agent_Pylone_Peint_TREILLIS_AG
Renouvellement_Canton_Bois,Renouvellement_Canton_Bois_Agent_Pylone_Peint_TREILLIS_AN
Renouvellement_Canton_Bois,Renouvellement_Canton_Bois_Agent_Pylone_Peint_TUBULAIRE_AG
Renouvellement_Canton_Bois,Renouvellement_Canton_Bois_Agent_Pylone_Peint_TUBULAIRE_AN
Renouvellement_Canton_Bois,Renouvellement_Canton_Bois_Conducteur_ALMELEC
Renouvellement_Canton_Bois,Renouvellement_Canton_Bois_Conducteur_ALMELEC+ACIER
Renouvellement_Canton_Bois,Renouvellement_Canton_Bois_Conducteur_ALUMINIUM
Renouvellement_Canton_Bois,Renouvellement_Canton_Bois_Conducteur_ALUMINIUM+ACIER
Renouvellement_Canton_Bois,Renouvellement_Canton_Bois_Conducteur_CABLE_FAIBLE_DILATATION
Renouvellement_Canton_Bois,Renouvellement_Canton_Bois_Conducteur_CUIVRE
Renouvellement_Canton_Bois,Renouvellement_Canton_Bois_Embase
Renouvellement_Canton_Bois,Renouvellement_Canton_Bois_Fondation
Renouvellement_Canton_Bois,Renouvellement_Canton_Bois_MC1
Renouvellement_Canton_Bois,Renouvellement_Canton_Bois_MC2
Renouvellement_Canton_Bois,Renouvellement_Canton_Bois_Poteau_BETON
Renouvellement_Canton_Bois,Renouvellement_Canton_Bois_Poteau_BOIS
Renouvellement_Canton_Bois,Renouvellement_Canton_Bois_Pylone_TREILLIS_AG
Renouvellement_Canton_Bois,Renouvellement_Canton_Bois_Pylone_TREILLIS_AG_TEMP
Renouvellement_Canton_Bois,Renouvellement_Canton_Bois_Pylone_TREILLIS_AN
Renouvellement_Canton_Bois,Renouvellement_Canton_Bois_Pylone_TREILLIS_AN_TEMP
Renouvellement_Canton_Bois,Renouvellement_Canton_Bois_Pylone_TUBULAIRE_AG
Renouvellement_Canton_Bois,Renouvellement_Canton_Bois_Pylone_TUBULAIRE_AN
