id,EquipmentAgingLawParameters,ExternalFailureRatePerYear,IsAgingAfterDeath,AgingFailureDelay,ExpectedLife,AgingMethodology,FamilyPairHillParameters,ConsequenceQuantity,IsConsequencePrevalent,ConsequenceProbability,AftCovariatesImpact
Agent_Pylone_Peint_TREILLIS_AG,"{""Shape"": 20.931568569324174, ""Scale"": 20.043547380828667, ""MinimalAge"": 10.0, ""MaximalAge"": 20.0, ""FailureRateAtMinimalAge"": 1e-06, ""FailureRateAtMaximalAge"": 1.0}",0.0,FALSE,100.0,0,Weibull,{},"{""CNAIM_NetworkConsequence"": 0.0, ""CNAIM_FinancialConsequence"": 0.0, ""CNAIM_EnvironmentalConsequence"": 0.0}",{},{},{}
Agent_Pylone_Peint_TREILLIS_AN,"{""Shape"": 13.575419645736305, ""Scale"": 14.890143112665779, ""MinimalAge"": 5.0, ""MaximalAge"": 15.0, ""FailureRateAtMinimalAge"": 1e-06, ""FailureRateAtMaximalAge"": 1.0}",0.0,FALSE,100.0,0,Weibull,{},"{""CNAIM_NetworkConsequence"": 0.0, ""CNAIM_FinancialConsequence"": 0.0, ""CNAIM_EnvironmentalConsequence"": 0.0}",{},{},{}
Agent_Pylone_Peint_TUBULAIRE_AG,"{""Shape"": 20.931568569324174, ""Scale"": 20.043547380828667, ""MinimalAge"": 10.0, ""MaximalAge"": 20.0, ""FailureRateAtMinimalAge"": 1e-06, ""FailureRateAtMaximalAge"": 1.0}",0.0,FALSE,100.0,0,Weibull,{},"{""CNAIM_NetworkConsequence"": 0.0, ""CNAIM_FinancialConsequence"": 0.0, ""CNAIM_EnvironmentalConsequence"": 0.0}",{},{},{}
Agent_Pylone_Peint_TUBULAIRE_AN,"{""Shape"": 13.575419645736305, ""Scale"": 14.890143112665779, ""MinimalAge"": 5.0, ""MaximalAge"": 15.0, ""FailureRateAtMinimalAge"": 1e-06, ""FailureRateAtMaximalAge"": 1.0}",0.0,FALSE,100.0,0,Weibull,{},"{""CNAIM_NetworkConsequence"": 0.0, ""CNAIM_FinancialConsequence"": 0.0, ""CNAIM_EnvironmentalConsequence"": 0.0}",{},{},{}
Conducteur_ALMELEC,"{""Shape"": 4.208988812042035, ""Scale"": 24.315495760236338, ""MinimalAge"": 10.0, ""MaximalAge"": 42.0, ""FailureRateAtMinimalAge"": 0.01, ""FailureRateAtMaximalAge"": 1.0}",0.0,FALSE,0.0,0,Weibull,{},"{""CNAIM_NetworkConsequence"": 1.0, ""CNAIM_FinancialConsequence"": 0.0, ""CNAIM_EnvironmentalConsequence"": 0.0}",{},{},{}
Conducteur_ALMELEC+ACIER,"{""Shape"": 10.359579156030785, ""Scale"": 92.63415331694345, ""MinimalAge"": 10.0, ""MaximalAge"": 85.0, ""FailureRateAtMinimalAge"": 1e-10, ""FailureRateAtMaximalAge"": 0.05}",0.0,FALSE,100.0,0,Weibull,{},"{""CNAIM_NetworkConsequence"": 1.0, ""CNAIM_FinancialConsequence"": 0.0, ""CNAIM_EnvironmentalConsequence"": 0.0}",{},{},{}
Conducteur_ALUMINIUM,"{""Shape"": 10.359579156030785, ""Scale"": 92.63415331694345, ""MinimalAge"": 10.0, ""MaximalAge"": 85.0, ""FailureRateAtMinimalAge"": 1e-10, ""FailureRateAtMaximalAge"": 0.05}",0.0,FALSE,100.0,0,Weibull,{},"{""CNAIM_NetworkConsequence"": 1.0, ""CNAIM_FinancialConsequence"": 0.0, ""CNAIM_EnvironmentalConsequence"": 0.0}",{},{},{}
Conducteur_ALUMINIUM+ACIER,"{""Shape"": 10.359579156030785, ""Scale"": 92.63415331694345, ""MinimalAge"": 10.0, ""MaximalAge"": 85.0, ""FailureRateAtMinimalAge"": 1e-10, ""FailureRateAtMaximalAge"": 0.05}",0.0,FALSE,100.0,0,Weibull,{},"{""CNAIM_NetworkConsequence"": 1.0, ""CNAIM_FinancialConsequence"": 0.0, ""CNAIM_EnvironmentalConsequence"": 0.0}",{},{},{}
Conducteur_CABLE_FAIBLE_DILATATION,"{""Shape"": 10.359579156030785, ""Scale"": 92.63415331694345, ""MinimalAge"": 10.0, ""MaximalAge"": 85.0, ""FailureRateAtMinimalAge"": 1e-10, ""FailureRateAtMaximalAge"": 0.05}",0.0,FALSE,100.0,0,Weibull,{},"{""CNAIM_NetworkConsequence"": 1.0, ""CNAIM_FinancialConsequence"": 0.0, ""CNAIM_EnvironmentalConsequence"": 0.0}",{},{},{}
Conducteur_CUIVRE,"{""Shape"": 10.359579156030785, ""Scale"": 92.63415331694345, ""MinimalAge"": 10.0, ""MaximalAge"": 85.0, ""FailureRateAtMinimalAge"": 1e-10, ""FailureRateAtMaximalAge"": 0.05}",0.0,FALSE,100.0,0,Weibull,{},"{""CNAIM_NetworkConsequence"": 1.0, ""CNAIM_FinancialConsequence"": 0.0, ""CNAIM_EnvironmentalConsequence"": 0.0}",{},{},{}
Embase,"{""Shape"": 22.602347499300073, ""Scale"": 187.26459991761644, ""MinimalAge"": 150.0, ""MaximalAge"": 200.0, ""FailureRateAtMinimalAge"": 0.001, ""FailureRateAtMaximalAge"": 0.5}",0.0,FALSE,100.0,0,Weibull,{},"{""CNAIM_NetworkConsequence"": 0.0, ""CNAIM_FinancialConsequence"": 0.0, ""CNAIM_EnvironmentalConsequence"": 0.0}",{},{},{}
Fondation,"{""Shape"": 22.602347499300073, ""Scale"": 187.26459991761644, ""MinimalAge"": 150.0, ""MaximalAge"": 200.0, ""FailureRateAtMinimalAge"": 0.001, ""FailureRateAtMaximalAge"": 0.5}",0.0,FALSE,100.0,0,Weibull,{},"{""CNAIM_NetworkConsequence"": 0.0, ""CNAIM_FinancialConsequence"": 0.0, ""CNAIM_EnvironmentalConsequence"": 0.0}",{},{},{}
Poteau_BETON,"{""Shape"": 10.359579156030785, ""Scale"": 92.63415331694345, ""MinimalAge"": 10.0, ""MaximalAge"": 85.0, ""FailureRateAtMinimalAge"": 1e-10, ""FailureRateAtMaximalAge"": 0.05}",0.0,FALSE,100.0,0,Weibull,{},"{""CNAIM_NetworkConsequence"": 1.0, ""CNAIM_FinancialConsequence"": 0.0, ""CNAIM_EnvironmentalConsequence"": 0.0}",{},{},{}
Poteau_BOIS,"{""Shape"": 3.5701944178769374, ""Scale"": 27.22099585279002, ""MinimalAge"": 10.0, ""MaximalAge"": 60.0, ""FailureRateAtMinimalAge"": 0.01, ""FailureRateAtMaximalAge"": 1.0}",0.0,FALSE,0.0,0,Weibull,{},"{""CNAIM_NetworkConsequence"": 1.0, ""CNAIM_FinancialConsequence"": 0.0, ""CNAIM_EnvironmentalConsequence"": 0.0}",{},{},{}
Pylone_TREILLIS_AG,"{""Shape"": 10.359579156030785, ""Scale"": 92.63415331694345, ""MinimalAge"": 10.0, ""MaximalAge"": 85.0, ""FailureRateAtMinimalAge"": 1e-10, ""FailureRateAtMaximalAge"": 0.05}",0.0,FALSE,100.0,0,Weibull,"{""Agent_Pylone_Peint_TREILLIS_AG"": {""AmplitudeHill"": 6.0, ""SlopeHill"": 50, ""OffsetHill"": -3.0, ""FailureTransmissionProbability"": 0.0, ""IsCouplingActive"": true}}","{""CNAIM_NetworkConsequence"": 1.0, ""CNAIM_FinancialConsequence"": 0.0, ""CNAIM_EnvironmentalConsequence"": 0.0}",{},{},{}
Pylone_TREILLIS_AG_TEMP,"{""Shape"": 10.359579156030785, ""Scale"": 92.63415331694345, ""MinimalAge"": 10.0, ""MaximalAge"": 85.0, ""FailureRateAtMinimalAge"": 1e-10, ""FailureRateAtMaximalAge"": 0.05}",0.0,FALSE,100.0,0,Weibull,{},"{""CNAIM_NetworkConsequence"": 1.0, ""CNAIM_FinancialConsequence"": 0.0, ""CNAIM_EnvironmentalConsequence"": 0.0}",{},{},{}
Pylone_TREILLIS_AN,"{""Shape"": 10.359579156030785, ""Scale"": 92.63415331694345, ""MinimalAge"": 10.0, ""MaximalAge"": 85.0, ""FailureRateAtMinimalAge"": 1e-10, ""FailureRateAtMaximalAge"": 0.05}",0.0,FALSE,100.0,0,Weibull,"{""Agent_Pylone_Peint_TREILLIS_AN"": {""AmplitudeHill"": 6.0, ""SlopeHill"": 50, ""OffsetHill"": -3.0, ""FailureTransmissionProbability"": 0.0, ""IsCouplingActive"": true}}","{""CNAIM_NetworkConsequence"": 1.0, ""CNAIM_FinancialConsequence"": 0.0, ""CNAIM_EnvironmentalConsequence"": 0.0}",{},{},{}
Pylone_TREILLIS_AN_TEMP,"{""Shape"": 10.359579156030785, ""Scale"": 92.63415331694345, ""MinimalAge"": 10.0, ""MaximalAge"": 85.0, ""FailureRateAtMinimalAge"": 1e-10, ""FailureRateAtMaximalAge"": 0.05}",0.0,FALSE,100.0,0,Weibull,{},"{""CNAIM_NetworkConsequence"": 1.0, ""CNAIM_FinancialConsequence"": 0.0, ""CNAIM_EnvironmentalConsequence"": 0.0}",{},{},{}
Pylone_TUBULAIRE_AG,"{""Shape"": 10.359579156030785, ""Scale"": 92.63415331694345, ""MinimalAge"": 10.0, ""MaximalAge"": 85.0, ""FailureRateAtMinimalAge"": 1e-10, ""FailureRateAtMaximalAge"": 0.05}",0.0,FALSE,100.0,0,Weibull,"{""Agent_Pylone_Peint_TUBULAIRE_AG"": {""AmplitudeHill"": 6.0, ""SlopeHill"": 50, ""OffsetHill"": -3.0, ""FailureTransmissionProbability"": 0.0, ""IsCouplingActive"": true}}","{""CNAIM_NetworkConsequence"": 1.0, ""CNAIM_FinancialConsequence"": 0.0, ""CNAIM_EnvironmentalConsequence"": 0.0}",{},{},{}
Pylone_TUBULAIRE_AN,"{""Shape"": 10.359579156030785, ""Scale"": 92.63415331694345, ""MinimalAge"": 10.0, ""MaximalAge"": 85.0, ""FailureRateAtMinimalAge"": 1e-10, ""FailureRateAtMaximalAge"": 0.05}",0.0,FALSE,100.0,0,Weibull,"{""Agent_Pylone_Peint_TUBULAIRE_AN"": {""AmplitudeHill"": 6.0, ""SlopeHill"": 50, ""OffsetHill"": -3.0, ""FailureTransmissionProbability"": 0.0, ""IsCouplingActive"": true}}","{""CNAIM_NetworkConsequence"": 1.0, ""CNAIM_FinancialConsequence"": 0.0, ""CNAIM_EnvironmentalConsequence"": 0.0}",{},{},{}
MC1,"{""Shape"": 22.602347499300073, ""Scale"": 187.26459991761644, ""MinimalAge"": 150.0, ""MaximalAge"": 200.0, ""FailureRateAtMinimalAge"": 0.001, ""FailureRateAtMaximalAge"": 0.5}",0.0,FALSE,100.0,0,Weibull,{},"{""CNAIM_NetworkConsequence"": 0.0, ""CNAIM_FinancialConsequence"": 0.0, ""CNAIM_EnvironmentalConsequence"": 0.0}",{},{},{}
MC2,"{""Shape"": 22.602347499300073, ""Scale"": 187.26459991761644, ""MinimalAge"": 150.0, ""MaximalAge"": 200.0, ""FailureRateAtMinimalAge"": 0.001, ""FailureRateAtMaximalAge"": 0.5}",0.0,FALSE,100.0,0,Weibull,{},"{""CNAIM_NetworkConsequence"": 0.0, ""CNAIM_FinancialConsequence"": 0.0, ""CNAIM_EnvironmentalConsequence"": 0.0}",{},{},{}
