id,AgingFamilies,Threshold,EquipmentComponentGenericAttribute,EquipmentComponentCustomAttribute,Operator,GenericReferenceAttribute,CustomReferenceAttribute,Value,ValueAsString
Gaela_RC1_Remplacement_Simple_Treillis_Age_Pylone_AGZCF_INF_100ans,"[""Pylone_TREILLIS_AG"", ""Pylone_TUBULAIRE_AG""]",0.0,Age,,LEQ,Min,,90.0,"[""""]"
Gaela_RC1_Remplacement_Simple_Treillis_Age_Pylone_AGZCN_INF_120ans,"[""Pylone_TREILLIS_AG"", ""Pylone_TUBULAIRE_AG""]",0.0,Age,,LEQ,Min,,110.0,"[""""]"
Gaela_RC1_Remplacement_Simple_Treillis_Age_Pylone_ANZCN_Inf_70ans,"[""Pylone_TREILLIS_AN"", ""Pylone_TUBULAIRE_AN""]",0.0,Age,,LT,Min,,60.0,"[""""]"
Gaela_RC1_Remplacement_Simple_Treillis_Conducteur_Remplacement>85ans,"[""Conducteur_ALMELEC"", ""Conducteur_ALUMINIUM+ACIER"", ""Conducteur_ALMELEC+ACIER"", ""Conducteur_CUIVRE"", ""Conducteur_ALUMINIUM"", ""Conducteur_CABLE_FAIBLE_DILATATION""]",0.0,Age,,GEQ,Min,,75.0,"[""""]"
Gaela_RC1_Remplacement_Simple_Treillis_Support_En_ZCF,"[""Pylone_TREILLIS_AG"", ""Pylone_TREILLIS_AN"", ""Pylone_TUBULAIRE_AN"", ""Pylone_TUBULAIRE_AG""]",0.0,CustomData_String,ZoneCorrosiviteSimple,None,None,,0.0,"[""ZCF""]"
Gaela_RC1_Remplacement_Simple_Treillis_Support_En_ZCN,"[""Pylone_TREILLIS_AG"", ""Pylone_TREILLIS_AN"", ""Pylone_TUBULAIRE_AG"", ""Pylone_TUBULAIRE_AN""]",0.0,CustomData_String,ZoneCorrosiviteSimple,None,None,,0.0,"[""ZCN""]"
Gaela_RC1_Remplacement_Simple_Treillis_priority_score,"[""""]",0.0,PriorityScore,,GEQ,None,,1.0,"[""""]"
Gaela_RC1_Tempo_AGZCF_sup_100ans,"[""Pylone_TREILLIS_AG"", ""Pylone_TUBULAIRE_AG""]",0.0,Age,,GEQ,Min,,90.0,"[""""]"
Gaela_RC1_Tempo_AGZCN_Sup_100ans,"[""Pylone_TREILLIS_AG"", ""Pylone_TUBULAIRE_AG""]",0.0,Age,,GEQ,Min,,90.0,"[""""]"
Gaela_RC1_Tempo_ANZCN_Sup_75ans,"[""Pylone_TREILLIS_AN"", ""Pylone_TUBULAIRE_AN""]",0.0,Age,,GEQ,Min,,65.0,"[""""]"
Gaela_RC1_Tempo_Conducteur_sup>85_ans,"[""Conducteur_ALMELEC"", ""Conducteur_ALUMINIUM+ACIER"", ""Conducteur_ALMELEC+ACIER"", ""Conducteur_CUIVRE"", ""Conducteur_ALUMINIUM"", ""Conducteur_CABLE_FAIBLE_DILATATION""]",0.0,Age,,GEQ,Min,,75.0,"[""""]"
Gaela_RC1_Tempo_Pylone_ZCF,"[""Pylone_TREILLIS_AG"", ""Pylone_TREILLIS_AG_TEMP"", ""Pylone_TREILLIS_AN"", ""Pylone_TREILLIS_AN_TEMP"", ""Pylone_TUBULAIRE_AG"", ""Pylone_TUBULAIRE_AN""]",0.0,CustomData_String,ZoneCorrosiviteSimple,None,None,,0.0,"[""ZCF""]"
Gaela_RC1_Tempo_Pylone_ZCN,"[""Pylone_TREILLIS_AG"", ""Pylone_TREILLIS_AG_TEMP"", ""Pylone_TREILLIS_AN"", ""Pylone_TREILLIS_AN_TEMP"", ""Pylone_TUBULAIRE_AG"", ""Pylone_TUBULAIRE_AN""]",0.0,CustomData_String,ZoneCorrosiviteSimple,None,None,,0.0,"[""ZCN""]"
Gaela_RE1_Beton_Conducteur>85ans,"[""Conducteur_ALMELEC"", ""Conducteur_ALUMINIUM+ACIER"", ""Conducteur_ALMELEC+ACIER"", ""Conducteur_CUIVRE"", ""Conducteur_ALUMINIUM"", ""Conducteur_CABLE_FAIBLE_DILATATION""]",0.0,Age,,GEQ,Min,,75.0,"[""""]"
Gaela_RE1_Beton_Poteaux_beton,"[""Poteau_BETON""]",0.0,Age,,GEQ,Min,,-10.0,"[""""]"
Gaela_RE1_Bois_Conducteur>85ans,"[""Conducteur_ALMELEC"", ""Conducteur_ALUMINIUM+ACIER"", ""Conducteur_ALMELEC+ACIER"", ""Conducteur_CUIVRE"", ""Conducteur_ALUMINIUM"", ""Conducteur_CABLE_FAIBLE_DILATATION""]",0.0,Age,,GEQ,Min,,75.0,"[""""]"
Gaela_RE1_Bois_Poteaux_bois,"[""Poteau_BOIS""]",0.0,Age,,GEQ,Min,,-10.0,"[""""]"
Gaela_RE1_Treillis_Age_pylone_tempo,"[""Pylone_TREILLIS_AG_TEMP"", ""Pylone_TREILLIS_AN_TEMP""]",0.0,Age,,GEQ,Min,,-10.0,"[""""]"
Gaela_RE1_Treillis_Conducteur_Sup_60Ans,"[""Conducteur_CABLE_FAIBLE_DILATATION"", ""Conducteur_ALUMINIUM"", ""Conducteur_CUIVRE"", ""Conducteur_ALMELEC+ACIER"", ""Conducteur_ALUMINIUM+ACIER"", ""Conducteur_ALMELEC""]",0.0,Age,,GEQ,Min,,50.0,"[""""]"
Gaela_RE1_Treillis_Conducteur_sup85ans,"[""Conducteur_ALMELEC"", ""Conducteur_ALUMINIUM+ACIER"", ""Conducteur_ALMELEC+ACIER"", ""Conducteur_CABLE_FAIBLE_DILATATION"", ""Conducteur_CUIVRE"", ""Conducteur_ALUMINIUM""]",0.0,Age,,GEQ,Min,,75.0,"[""""]"
Gaela_RE1_Treillis_Pylone_AGZCF,"[""Pylone_TREILLIS_AG"", ""Pylone_TUBULAIRE_AG""]",0.0,Age,,GEQ,Min,,90.0,"[""""]"
Gaela_RE1_Treillis_Pylone_AGZCN,"[""Pylone_TREILLIS_AG"", ""Pylone_TUBULAIRE_AG""]",0.0,Age,,GEQ,Min,,110.0,"[""""]"
Gaela_RE1_Treillis_Pylone_ANZCF,"[""Pylone_TREILLIS_AN"", ""Pylone_TUBULAIRE_AN""]",0.0,Age,,GEQ,Min,,-10.0,"[""""]"
Gaela_RE1_Treillis_Pylone_ANZCN,"[""Pylone_TREILLIS_AN"", ""Pylone_TUBULAIRE_AN""]",0.0,Age,,GEQ,Min,,60.0,"[""""]"
Gaela_RE1_Treillis_Support_EN_ZCF,"[""Pylone_TREILLIS_AG"", ""Pylone_TREILLIS_AN"", ""Pylone_TREILLIS_AG_TEMP"", ""Pylone_TREILLIS_AN_TEMP"", ""Pylone_TUBULAIRE_AG"", ""Pylone_TUBULAIRE_AN""]",0.0,CustomData_String,ZoneCorrosiviteSimple,None,None,,0.0,"[""ZCF""]"
Gaela_RE1_Treillis_Support_EN_ZCN,"[""Pylone_TREILLIS_AG"", ""Pylone_TREILLIS_AG_TEMP"", ""Pylone_TREILLIS_AN"", ""Pylone_TREILLIS_AN_TEMP"", ""Pylone_TUBULAIRE_AG"", ""Pylone_TUBULAIRE_AN""]",0.0,CustomData_String,ZoneCorrosiviteSimple,None,None,,0.0,"[""ZCN""]"
Gaela_RI1_Rempalcement_Treillis_ANZCF_tempo_Conducteur_inferieur_60ans,"[""Conducteur_ALMELEC"", ""Conducteur_ALUMINIUM+ACIER"", ""Conducteur_ALMELEC+ACIER"", ""Conducteur_CUIVRE"", ""Conducteur_ALUMINIUM"", ""Conducteur_CABLE_FAIBLE_DILATATION""]",0.0,Age,,LT,Min,,60.0,"[""""]"
Gaela_RI1_Rempalcement_Treillis_ANZCF_tempo_Conducteur_inferieur_85ans,"[""Conducteur_ALUMINIUM+ACIER"", ""Conducteur_ALMELEC"", ""Conducteur_ALMELEC+ACIER"", ""Conducteur_CUIVRE"", ""Conducteur_ALUMINIUM"", ""Conducteur_CABLE_FAIBLE_DILATATION""]",0.0,Age,,GEQ,Min,,75.0,"[""""]"
Gaela_RI1_Rempalcement_Treillis_ANZCF_tempo_Support_ANZCF,"[""Pylone_TREILLIS_AN"", ""Pylone_TUBULAIRE_AN""]",0.0,Age,,GEQ,Min,,-10.0,"[""""]"
Gaela_RI1_Rempalcement_Treillis_ANZCF_tempo_Support_en_ZCF,"[""Pylone_TREILLIS_AN"", ""Pylone_TREILLIS_AG"", ""Pylone_TREILLIS_AG_TEMP"", ""Pylone_TREILLIS_AN_TEMP"", ""Pylone_TUBULAIRE_AG"", ""Pylone_TUBULAIRE_AN""]",0.0,CustomData_String,ZoneCorrosiviteSimple,None,None,,0.0,"[""ZCF""]"
Gaela_RI1_Rempalcement_Treillis_ANZCF_tempo_Tempo_Superieur_25ans,"[""Pylone_TREILLIS_AG_TEMP"", ""Pylone_TREILLIS_AN_TEMP""]",0.0,Age,,GEQ,Min,,15.0,"[""""]"
Gaela_RI1_Remplacement_Poteau_Bois_priority,"[""""]",0.0,PriorityScore,,GEQ,None,,5.0,"[""""]"
Gaela_RI1_Remplacement_Treillis_ANZCN_AG_Conducteur_inf_85ans,"[""Conducteur_CUIVRE"", ""Conducteur_ALUMINIUM"", ""Conducteur_CABLE_FAIBLE_DILATATION"", ""Conducteur_ALMELEC+ACIER"", ""Conducteur_ALUMINIUM+ACIER"", ""Conducteur_ALMELEC""]",0.0,Age,,LEQ,Min,,75.0,"[""""]"
Gaela_RI1_Remplacement_Treillis_ANZCN_AG_SUpport_ANZCN_Sup_100ans,"[""Pylone_TREILLIS_AN"", ""Pylone_TUBULAIRE_AN""]",0.0,Age,,GEQ,Min,,90.0,"[""""]"
Gaela_RI1_Remplacement_Treillis_ANZCN_AG_Support_AGZCF_Sup_100ans,"[""Pylone_TREILLIS_AG"", ""Pylone_TUBULAIRE_AG""]",0.0,Age,,GEQ,Min,,90.0,"[""""]"
Gaela_RI1_Remplacement_Treillis_ANZCN_AG_Support_AGZCN_Sup_120ans,"[""Pylone_TREILLIS_AG"", ""Pylone_TUBULAIRE_AG""]",0.0,Age,,GEQ,Min,,110.0,"[""""]"
Gaela_RI1_Remplacement_Treillis_ANZCN_AG_Support_en_ZCF,"[""Pylone_TREILLIS_AG"", ""Pylone_TREILLIS_AN"", ""Pylone_TUBULAIRE_AG"", ""Pylone_TUBULAIRE_AN""]",0.0,CustomData_String,ZoneCorrosiviteSimple,None,None,,0.0,"[""ZCF""]"
Gaela_RI1_Remplacement_Treillis_ANZCN_AG_Support_en_ZCN,"[""Pylone_TREILLIS_AG"", ""Pylone_TREILLIS_AN"", ""Pylone_TUBULAIRE_AG"", ""Pylone_TUBULAIRE_AN""]",0.0,CustomData_String,ZoneCorrosiviteSimple,None,None,,0.0,"[""ZCN""]"
Gaela_RI1_Tempo_Treillis_Gaela_tempo_conducteur_inf85,"[""Conducteur_ALMELEC"", ""Conducteur_ALUMINIUM+ACIER"", ""Conducteur_ALMELEC+ACIER"", ""Conducteur_CUIVRE"", ""Conducteur_ALUMINIUM"", ""Conducteur_CABLE_FAIBLE_DILATATION""]",0.0,Age,,LT,Min,,75.0,"[""""]"
Gaela_RI1_Tempo_Treillis_Gaela_tempo_conducteur_sup60ans,"[""Conducteur_ALMELEC"", ""Conducteur_ALUMINIUM+ACIER"", ""Conducteur_ALMELEC+ACIER"", ""Conducteur_CUIVRE"", ""Conducteur_ALUMINIUM"", ""Conducteur_CABLE_FAIBLE_DILATATION""]",0.0,Age,,GEQ,Min,,50.0,"[""""]"
Gaela_RI1_Tempo_Treillis_Gaela_tempo_support_sup100,"[""Pylone_TREILLIS_AG"", ""Pylone_TREILLIS_AN""]",0.0,Age,,GEQ,Min,,90.0,"[""""]"
Gaela_RI1_Tempo_Treillis_Support_ZCN,"[""Pylone_TREILLIS_AG"", ""Pylone_TREILLIS_AN"", ""Pylone_TUBULAIRE_AG"", ""Pylone_TUBULAIRE_AN""]",0.0,CustomData_String,ZoneCorrosiviteSimple,None,None,,0.0,"[""ZCN""]"
Gaela_RI_Remplacement_Poteau_Beton_Beton_ZCF_Sup_50ans,"[""Poteau_BETON""]",0.0,Age,,GEQ,Min,,40.0,"[""""]"
Gaela_RI_Remplacement_Poteau_Beton_Beton_ZCN_Sup60ans,"[""Poteau_BETON""]",0.0,Age,,GEQ,Min,,50.0,"[""""]"
Gaela_RI_Remplacement_Poteau_Beton_Conducteur_inf_85ans,"[""Conducteur_ALMELEC"", ""Conducteur_ALUMINIUM+ACIER"", ""Conducteur_ALMELEC+ACIER"", ""Conducteur_CUIVRE"", ""Conducteur_ALUMINIUM"", ""Conducteur_CABLE_FAIBLE_DILATATION""]",0.0,Age,,LEQ,Min,,75.0,"[""""]"
Gaela_RI_Remplacement_Poteau_Beton_Support_ZCF,"[""Poteau_BETON""]",0.0,CustomData_String,ZoneCorrosiviteSimple,None,None,,0.0,"[""ZCF""]"
Gaela_RI_Remplacement_Poteau_Beton_Support_ZCN,"[""Poteau_BETON""]",0.0,CustomData_String,ZoneCorrosiviteSimple,None,None,,0.0,"[""ZCN""]"
PE1_ZCF_Peinture_15_ans,"[""Agent_Pylone_Peint_TREILLIS_AN"", ""Agent_Pylone_Peint_TUBULAIRE_AN""]",0.0,Downtime,,None,None,,15.0,"[""""]"
PE1_ZCF_Pylone_ANZCF,"[""Pylone_TREILLIS_AN"", ""Pylone_TUBULAIRE_AN""]",0.0,CustomData_String,ZoneCorrosiviteSimple,None,None,,0.0,"[""ZCF""]"
PE1_ZCF_Pylone_ANZCF_SUP20ans,"[""Pylone_TREILLIS_AN"", ""Pylone_TUBULAIRE_AN""]",0.0,Age,,GEQ,Min,,10.0,"[""""]"
PE1_ZCN_DernièrePeinture,"[""Agent_Pylone_Peint_TREILLIS_AN"", ""Agent_Pylone_Peint_TUBULAIRE_AN""]",0.0,Downtime,,None,None,,15.0,"[""""]"
PE1_ZCN_Pylone_AN_SUP20ans,"[""Pylone_TREILLIS_AN"", ""Pylone_TUBULAIRE_AN""]",0.0,Age,,GEQ,Min,,10.0,"[""""]"
PE1_ZCN_Pylone_ZCN,"[""Pylone_TREILLIS_AN"", ""Pylone_TUBULAIRE_AN""]",0.0,CustomData_String,ZoneCorrosiviteSimple,None,None,,0.0,"[""ZCN""]"
PE2_ZCF_Dernière_peinture_15ans,"[""""]",0.0,Downtime,,None,None,,15.0,"[""""]"
PE2_ZCF_Pylone_AGZCF_SUP20ans,"[""Pylone_TREILLIS_AG"", ""Pylone_TUBULAIRE_AG""]",0.0,Age,,GEQ,Min,,10.0,"[""""]"
PE2_ZCF_Pylone_AG_ZCF,"[""Pylone_TREILLIS_AG"", ""Pylone_TUBULAIRE_AG""]",0.0,CustomData_String,ZoneCorrosiviteSimple,None,None,,0.0,"[""ZCF""]"
PE2_ZCN_Dernière_Peinture_20ans,"[""Agent_Pylone_Peint_TREILLIS_AG"", ""Agent_Pylone_Peint_TUBULAIRE_AG""]",0.0,Downtime,,None,None,,20.0,"[""""]"
PE2_ZCN_Pylone_AG_SUP_30ans,"[""Pylone_TREILLIS_AG"", ""Pylone_TUBULAIRE_AG""]",0.0,Age,,GEQ,Min,,20.0,"[""""]"
PE2_ZCN_Pylone_AG_ZCN,"[""Pylone_TREILLIS_AG"", ""Pylone_TUBULAIRE_AG""]",0.0,CustomData_String,ZoneCorrosiviteSimple,None,None,,0.0,"[""ZCN""]"
Pylone_Visite_Pylone_Inspection_derniere_inspection>valeur_ZCF,"[""Pylone_TREILLIS_AG"", ""Pylone_TREILLIS_AG_TEMP"", ""Pylone_TREILLIS_AN"", ""Pylone_TREILLIS_AN_TEMP""]",0.0,InspectionDowntime,,None,None,,5.0,"[""""]"
Pylone_Visite_Pylone_Inspection_derniere_inspection>valeur_ZCN,"[""Pylone_TREILLIS_AG"", ""Pylone_TREILLIS_AG_TEMP"", ""Pylone_TREILLIS_AN"", ""Pylone_TREILLIS_AN_TEMP""]",0.0,InspectionDowntime,,None,None,,10.0,"[""""]"
Pylone_Visite_Pylone_si_ZCF,"[""Pylone_TREILLIS_AG"", ""Pylone_TREILLIS_AN"", ""Pylone_TREILLIS_AG_TEMP"", ""Pylone_TREILLIS_AN_TEMP""]",0.0,CustomData_String,ZoneCorrosiviteSimple,None,None,,0.0,"[""ZCF""]"
Pylone_Visite_Pylone_si_ZCN,"[""Pylone_TREILLIS_AG"", ""Pylone_TREILLIS_AG_TEMP"", ""Pylone_TREILLIS_AN"", ""Pylone_TREILLIS_AN_TEMP""]",0.0,CustomData_String,ZoneCorrosiviteSimple,None,None,,0.0,"[""ZCN""]"
Surveillance_Conducteur_Conducteur>50ans,"[""Conducteur_ALMELEC"", ""Conducteur_ALUMINIUM+ACIER"", ""Conducteur_CUIVRE"", ""Conducteur_ALMELEC+ACIER"", ""Conducteur_ALUMINIUM"", ""Conducteur_CABLE_FAIBLE_DILATATION""]",0.0,Age,,GEQ,Min,,40.0,"[""""]"
Surveillance_Conducteur_Conducteur_Recurrence_6ans,"[""Conducteur_ALMELEC"", ""Conducteur_ALUMINIUM+ACIER""]",0.0,InspectionDowntime,,None,None,,6.0,"[""""]"
