id,AgingFamily,Type,ImpactMode,ImpactOnEquipment,IsIgnoredForPriority
Canton_Depose_Agent_Pylone_Peint_TREILLIS_AG,Agent_Pylone_Peint_TREILLIS_AG,Deactivation,ApparentAgeBased,0.0,FALSE
Canton_Depose_Agent_Pylone_Peint_TREILLIS_AN,Agent_Pylone_Peint_TREILLIS_AN,Deactivation,ApparentAgeBased,0.0,FALSE
Canton_Depose_Agent_Pylone_Peint_TUBULAIRE_AG,Agent_Pylone_Peint_TUBULAIRE_AG,Deactivation,ApparentAgeBased,0.0,FALSE
Canton_Depose_Agent_Pylone_Peint_TUBULAIRE_AN,Agent_Pylone_Peint_TUBULAIRE_AN,Deactivation,ApparentAgeBased,0.0,FALSE
Canton_Depose_Conducteur_ALMELEC,Conducteur_ALMELEC,Deactivation,ApparentAgeBased,0.0,FALSE
Canton_Depose_Conducteur_ALMELEC+ACIER,Conducteur_ALMELEC+ACIER,Deactivation,ApparentAgeBased,0.0,FALSE
Canton_Depose_Conducteur_ALUMINIUM,Conducteur_ALUMINIUM,Deactivation,ApparentAgeBased,0.0,FALSE
Canton_Depose_Conducteur_ALUMINIUM+ACIER,Conducteur_ALUMINIUM+ACIER,Deactivation,ApparentAgeBased,0.0,FALSE
Canton_Depose_Conducteur_CABLE_FAIBLE_DILATATION,Conducteur_CABLE_FAIBLE_DILATATION,Deactivation,ApparentAgeBased,0.0,FALSE
Canton_Depose_Conducteur_CUIVRE,Conducteur_CUIVRE,Deactivation,ApparentAgeBased,0.0,FALSE
Canton_Depose_Embase,Embase,Deactivation,ApparentAgeBased,0.0,FALSE
Canton_Depose_Fondation,Fondation,Deactivation,ApparentAgeBased,0.0,FALSE
Canton_Depose_MC1,MC1,Deactivation,ApparentAgeBased,0.0,FALSE
Canton_Depose_MC2,MC2,Deactivation,ApparentAgeBased,0.0,FALSE
Canton_Depose_Poteau_BETON,Poteau_BETON,Deactivation,ApparentAgeBased,0.0,FALSE
Canton_Depose_Poteau_BOIS,Poteau_BOIS,Deactivation,ApparentAgeBased,0.0,FALSE
Canton_Depose_Pylone_TREILLIS_AG,Pylone_TREILLIS_AG,Deactivation,ApparentAgeBased,0.0,FALSE
Canton_Depose_Pylone_TREILLIS_AG_TEMP,Pylone_TREILLIS_AG_TEMP,Deactivation,ApparentAgeBased,0.0,FALSE
Canton_Depose_Pylone_TREILLIS_AN,Pylone_TREILLIS_AN,Deactivation,ApparentAgeBased,0.0,FALSE
Canton_Depose_Pylone_TREILLIS_AN_TEMP,Pylone_TREILLIS_AN_TEMP,Deactivation,ApparentAgeBased,0.0,FALSE
Canton_Depose_Pylone_TUBULAIRE_AG,Pylone_TUBULAIRE_AG,Deactivation,ApparentAgeBased,0.0,FALSE
Canton_Depose_Pylone_TUBULAIRE_AN,Pylone_TUBULAIRE_AN,Deactivation,ApparentAgeBased,0.0,FALSE
Canton_Renouvellement_Agent_Pylone_Peint_TREILLIS_AG,Agent_Pylone_Peint_TREILLIS_AG,Replacement,ApparentAgeBased,1.0,FALSE
Canton_Renouvellement_Agent_Pylone_Peint_TREILLIS_AN,Agent_Pylone_Peint_TREILLIS_AN,Replacement,ApparentAgeBased,1.0,FALSE
Canton_Renouvellement_Agent_Pylone_Peint_TUBULAIRE_AG,Agent_Pylone_Peint_TUBULAIRE_AG,Replacement,ApparentAgeBased,1.0,FALSE
Canton_Renouvellement_Agent_Pylone_Peint_TUBULAIRE_AN,Agent_Pylone_Peint_TUBULAIRE_AN,Replacement,ApparentAgeBased,1.0,FALSE
Canton_Renouvellement_Conducteur_ALMELEC,Conducteur_ALMELEC,Replacement,ApparentAgeBased,1.0,FALSE
Canton_Renouvellement_Conducteur_ALMELEC+ACIER,Conducteur_ALMELEC+ACIER,Replacement,ApparentAgeBased,1.0,FALSE
Canton_Renouvellement_Conducteur_ALUMINIUM,Conducteur_ALUMINIUM,Replacement,ApparentAgeBased,1.0,FALSE
Canton_Renouvellement_Conducteur_ALUMINIUM+ACIER,Conducteur_ALUMINIUM+ACIER,Replacement,ApparentAgeBased,1.0,FALSE
Canton_Renouvellement_Conducteur_CABLE_FAIBLE_DILATATION,Conducteur_CABLE_FAIBLE_DILATATION,Replacement,ApparentAgeBased,1.0,FALSE
Canton_Renouvellement_Conducteur_CUIVRE,Conducteur_CUIVRE,Replacement,ApparentAgeBased,1.0,FALSE
Canton_Renouvellement_Embase,Embase,Replacement,ApparentAgeBased,1.0,FALSE
Canton_Renouvellement_Fondation,Fondation,Replacement,ApparentAgeBased,1.0,FALSE
Canton_Renouvellement_MC1,MC1,Deactivation,ApparentAgeBased,0.0,FALSE
Canton_Renouvellement_MC2,MC2,Deactivation,ApparentAgeBased,0.0,FALSE
Canton_Renouvellement_Poteau_BETON,Poteau_BETON,Replacement,ApparentAgeBased,1.0,FALSE
Canton_Renouvellement_Poteau_BOIS,Poteau_BOIS,Replacement,ApparentAgeBased,1.0,FALSE
Canton_Renouvellement_Pylone_TREILLIS_AG,Pylone_TREILLIS_AG,Replacement,ApparentAgeBased,1.0,FALSE
Canton_Renouvellement_Pylone_TREILLIS_AG_TEMP,Pylone_TREILLIS_AG_TEMP,Replacement,ApparentAgeBased,1.0,FALSE
Canton_Renouvellement_Pylone_TREILLIS_AN,Pylone_TREILLIS_AN,Replacement,ApparentAgeBased,1.0,FALSE
Canton_Renouvellement_Pylone_TREILLIS_AN_TEMP,Pylone_TREILLIS_AN_TEMP,Replacement,ApparentAgeBased,1.0,FALSE
Canton_Renouvellement_Pylone_TUBULAIRE_AG,Pylone_TUBULAIRE_AG,Replacement,ApparentAgeBased,1.0,FALSE
Canton_Renouvellement_Pylone_TUBULAIRE_AN,Pylone_TUBULAIRE_AN,Replacement,ApparentAgeBased,1.0,FALSE
Conducteur_BrinCoupe_Conducteur_ALMELEC,Conducteur_ALMELEC,Repairs,ApparentAgeBased,1.0,FALSE
Conducteur_BrinCoupe_Conducteur_ALMELEC+ACIER,Conducteur_ALMELEC+ACIER,Repairs,ApparentAgeBased,1.0,FALSE
Conducteur_BrinCoupe_Conducteur_ALUMINIUM,Conducteur_ALUMINIUM,Repairs,ApparentAgeBased,1.0,FALSE
Conducteur_BrinCoupe_Conducteur_ALUMINIUM+ACIER,Conducteur_ALUMINIUM+ACIER,Repairs,ApparentAgeBased,1.0,FALSE
Conducteur_BrinCoupe_Conducteur_CABLE_FAIBLE_DILATATION,Conducteur_CABLE_FAIBLE_DILATATION,Repairs,ApparentAgeBased,1.0,FALSE
Conducteur_BrinCoupe_Conducteur_CUIVRE,Conducteur_CUIVRE,Repairs,ApparentAgeBased,1.0,FALSE
Conducteur_Depose_Conducteur_ALMELEC,Conducteur_ALMELEC,Deactivation,ApparentAgeBased,0.0,FALSE
Conducteur_Depose_Conducteur_ALMELEC+ACIER,Conducteur_ALMELEC+ACIER,Deactivation,ApparentAgeBased,0.0,FALSE
Conducteur_Depose_Conducteur_ALUMINIUM,Conducteur_ALUMINIUM,Deactivation,ApparentAgeBased,0.0,FALSE
Conducteur_Depose_Conducteur_ALUMINIUM+ACIER,Conducteur_ALUMINIUM+ACIER,Deactivation,ApparentAgeBased,0.0,FALSE
Conducteur_Depose_Conducteur_CABLE_FAIBLE_DILATATION,Conducteur_CABLE_FAIBLE_DILATATION,Deactivation,ApparentAgeBased,0.0,FALSE
Conducteur_Depose_Conducteur_CUIVRE,Conducteur_CUIVRE,Deactivation,ApparentAgeBased,0.0,FALSE
Conducteur_Inspection_Conducteur_ALMELEC,Conducteur_ALMELEC,Inspection,ApparentAgeBased,0.0,FALSE
Conducteur_Inspection_Conducteur_ALMELEC+ACIER,Conducteur_ALMELEC+ACIER,Inspection,ApparentAgeBased,0.0,FALSE
Conducteur_Inspection_Conducteur_ALUMINIUM,Conducteur_ALUMINIUM,Inspection,ApparentAgeBased,0.0,FALSE
Conducteur_Inspection_Conducteur_ALUMINIUM+ACIER,Conducteur_ALUMINIUM+ACIER,Inspection,ApparentAgeBased,0.0,FALSE
Conducteur_Inspection_Conducteur_CABLE_FAIBLE_DILATATION,Conducteur_CABLE_FAIBLE_DILATATION,Inspection,ApparentAgeBased,0.0,FALSE
Conducteur_Inspection_Conducteur_CUIVRE,Conducteur_CUIVRE,Inspection,ApparentAgeBased,0.0,FALSE
Conducteur_Remplacement_Simple _sur_Canton_Agent_Pylone_Peint_TREILLIS_AG,Agent_Pylone_Peint_TREILLIS_AG,NoAction,ApparentAgeBased,0.0,FALSE
Conducteur_Remplacement_Simple _sur_Canton_Agent_Pylone_Peint_TREILLIS_AN,Agent_Pylone_Peint_TREILLIS_AN,NoAction,ApparentAgeBased,0.0,FALSE
Conducteur_Remplacement_Simple _sur_Canton_Agent_Pylone_Peint_TUBULAIRE_AG,Agent_Pylone_Peint_TUBULAIRE_AG,NoAction,ApparentAgeBased,0.0,FALSE
Conducteur_Remplacement_Simple _sur_Canton_Agent_Pylone_Peint_TUBULAIRE_AN,Agent_Pylone_Peint_TUBULAIRE_AN,NoAction,ApparentAgeBased,0.0,FALSE
Conducteur_Remplacement_Simple _sur_Canton_Conducteur_ALMELEC,Conducteur_ALMELEC,Replacement,ApparentAgeBased,1.0,FALSE
Conducteur_Remplacement_Simple _sur_Canton_Conducteur_ALMELEC+ACIER,Conducteur_ALMELEC+ACIER,Replacement,ApparentAgeBased,1.0,FALSE
Conducteur_Remplacement_Simple _sur_Canton_Conducteur_ALUMINIUM,Conducteur_ALUMINIUM,Replacement,ApparentAgeBased,1.0,FALSE
Conducteur_Remplacement_Simple _sur_Canton_Conducteur_ALUMINIUM+ACIER,Conducteur_ALUMINIUM+ACIER,Replacement,ApparentAgeBased,1.0,FALSE
Conducteur_Remplacement_Simple _sur_Canton_Conducteur_CABLE_FAIBLE_DILATATION,Conducteur_CABLE_FAIBLE_DILATATION,Replacement,ApparentAgeBased,1.0,FALSE
Conducteur_Remplacement_Simple _sur_Canton_Conducteur_CUIVRE,Conducteur_CUIVRE,Replacement,ApparentAgeBased,1.0,FALSE
Conducteur_Remplacement_Simple _sur_Canton_Embase,Embase,NoAction,ApparentAgeBased,0.0,FALSE
Conducteur_Remplacement_Simple _sur_Canton_Fondation,Fondation,NoAction,ApparentAgeBased,0.0,FALSE
Conducteur_Remplacement_Simple _sur_Canton_MC1,MC1,Deactivation,ApparentAgeBased,0.0,FALSE
Conducteur_Remplacement_Simple _sur_Canton_MC2,MC2,Deactivation,ApparentAgeBased,0.0,FALSE
Conducteur_Remplacement_Simple _sur_Canton_Poteau_BETON,Poteau_BETON,Replacement,ApparentAgeBased,1.0,FALSE
Conducteur_Remplacement_Simple _sur_Canton_Poteau_BOIS,Poteau_BOIS,Replacement,ApparentAgeBased,1.0,FALSE
Conducteur_Remplacement_Simple _sur_Canton_Pylone_TREILLIS_AG,Pylone_TREILLIS_AG,NoAction,ApparentAgeBased,0.0,FALSE
Conducteur_Remplacement_Simple _sur_Canton_Pylone_TREILLIS_AG_TEMP,Pylone_TREILLIS_AG_TEMP,NoAction,ApparentAgeBased,0.0,FALSE
Conducteur_Remplacement_Simple _sur_Canton_Pylone_TREILLIS_AN,Pylone_TREILLIS_AN,NoAction,ApparentAgeBased,0.0,FALSE
Conducteur_Remplacement_Simple _sur_Canton_Pylone_TREILLIS_AN_TEMP,Pylone_TREILLIS_AN_TEMP,NoAction,ApparentAgeBased,0.0,FALSE
Conducteur_Remplacement_Simple _sur_Canton_Pylone_TUBULAIRE_AG,Pylone_TUBULAIRE_AG,NoAction,ApparentAgeBased,1.0,FALSE
Conducteur_Remplacement_Simple _sur_Canton_Pylone_TUBULAIRE_AN,Pylone_TUBULAIRE_AN,NoAction,ApparentAgeBased,0.0,FALSE
Conducteur_Remplacement_Superieur_Agent_Pylone_Peint_TREILLIS_AG,Agent_Pylone_Peint_TREILLIS_AG,Deactivation,ApparentAgeBased,0.0,FALSE
Conducteur_Remplacement_Superieur_Agent_Pylone_Peint_TREILLIS_AN,Agent_Pylone_Peint_TREILLIS_AN,Deactivation,ApparentAgeBased,0.0,FALSE
Conducteur_Remplacement_Superieur_Agent_Pylone_Peint_TUBULAIRE_AG,Agent_Pylone_Peint_TUBULAIRE_AG,Deactivation,ApparentAgeBased,1.0,FALSE
Conducteur_Remplacement_Superieur_Agent_Pylone_Peint_TUBULAIRE_AN,Agent_Pylone_Peint_TUBULAIRE_AN,Deactivation,ApparentAgeBased,1.0,FALSE
Conducteur_Remplacement_Superieur_Conducteur_ALMELEC,Conducteur_ALMELEC,Replacement,ApparentAgeBased,1.0,FALSE
Conducteur_Remplacement_Superieur_Conducteur_ALMELEC+ACIER,Conducteur_ALMELEC+ACIER,Replacement,ApparentAgeBased,1.0,FALSE
Conducteur_Remplacement_Superieur_Conducteur_ALUMINIUM,Conducteur_ALUMINIUM,Replacement,ApparentAgeBased,1.0,FALSE
Conducteur_Remplacement_Superieur_Conducteur_ALUMINIUM+ACIER,Conducteur_ALUMINIUM+ACIER,Replacement,ApparentAgeBased,1.0,FALSE
Conducteur_Remplacement_Superieur_Conducteur_CABLE_FAIBLE_DILATATION,Conducteur_CABLE_FAIBLE_DILATATION,Replacement,ApparentAgeBased,1.0,FALSE
Conducteur_Remplacement_Superieur_Conducteur_CUIVRE,Conducteur_CUIVRE,Replacement,ApparentAgeBased,1.0,FALSE
Conducteur_Remplacement_Superieur_Embase,Embase,NoAction,ApparentAgeBased,0.0,FALSE
Conducteur_Remplacement_Superieur_Fondation,Fondation,NoAction,ApparentAgeBased,0.0,FALSE
Conducteur_Remplacement_Superieur_MC1,MC1,Deactivation,ApparentAgeBased,0.0,FALSE
Conducteur_Remplacement_Superieur_MC2,MC2,Deactivation,ApparentAgeBased,0.0,FALSE
Conducteur_Remplacement_Superieur_Poteau_BETON,Poteau_BETON,NoAction,ApparentAgeBased,1.0,FALSE
Conducteur_Remplacement_Superieur_Poteau_BOIS,Poteau_BOIS,NoAction,ApparentAgeBased,1.0,FALSE
Conducteur_Remplacement_Superieur_Pylone_TREILLIS_AG,Pylone_TREILLIS_AG,Replacement,ApparentAgeBased,1.0,FALSE
Conducteur_Remplacement_Superieur_Pylone_TREILLIS_AG_TEMP,Pylone_TREILLIS_AG_TEMP,NoAction,ApparentAgeBased,1.0,FALSE
Conducteur_Remplacement_Superieur_Pylone_TREILLIS_AN,Pylone_TREILLIS_AN,Replacement,ApparentAgeBased,1.0,FALSE
Conducteur_Remplacement_Superieur_Pylone_TREILLIS_AN_TEMP,Pylone_TREILLIS_AN_TEMP,NoAction,ApparentAgeBased,1.0,FALSE
Conducteur_Remplacement_Superieur_Pylone_TUBULAIRE_AG,Pylone_TUBULAIRE_AG,NoAction,ApparentAgeBased,1.0,FALSE
Conducteur_Remplacement_Superieur_Pylone_TUBULAIRE_AN,Pylone_TUBULAIRE_AN,NoAction,ApparentAgeBased,1.0,FALSE
Conducteur_Rupture_Conducteur_ALMELEC,Conducteur_ALMELEC,Repairs,ApparentAgeBased,1.0,FALSE
Conducteur_Rupture_Conducteur_ALMELEC+ACIER,Conducteur_ALMELEC+ACIER,Repairs,ApparentAgeBased,1.0,FALSE
Conducteur_Rupture_Conducteur_ALUMINIUM,Conducteur_ALUMINIUM,Repairs,ApparentAgeBased,1.0,FALSE
Conducteur_Rupture_Conducteur_ALUMINIUM+ACIER,Conducteur_ALUMINIUM+ACIER,Repairs,ApparentAgeBased,1.0,FALSE
Conducteur_Rupture_Conducteur_CABLE_FAIBLE_DILATATION,Conducteur_CABLE_FAIBLE_DILATATION,Repairs,ApparentAgeBased,1.0,FALSE
Conducteur_Rupture_Conducteur_CUIVRE,Conducteur_CUIVRE,Repairs,ApparentAgeBased,1.0,FALSE
Embase_Depose_Embase,Embase,Deactivation,ApparentAgeBased,0.0,FALSE
Embase_Reparation_Embase,Embase,Repairs,ApparentAgeBased,0.99,FALSE
Embase_curatif_Embase,Embase,Repairs,ApparentAgeBased,1.0,FALSE
Fondation_Depose_Fondation,Fondation,Deactivation,ApparentAgeBased,0.0,FALSE
Fondation_Reparation_Fondation,Fondation,Repairs,ApparentAgeBased,0.99,FALSE
Fondation_curatif_Fondation,Fondation,Repairs,ApparentAgeBased,1.0,FALSE
MC1_curatif_MC1,MC1,Deactivation,ApparentAgeBased,0.0,FALSE
MC2_curatif_MC2,MC2,Deactivation,ApparentAgeBased,0.0,FALSE
Peinture_AGZCF_Agent_Pylone_Peint_TREILLIS_AG,Agent_Pylone_Peint_TREILLIS_AG,Replacement,ApparentAgeBased,1.0,FALSE
Peinture_AGZCF_Agent_Pylone_Peint_TREILLIS_AN,Agent_Pylone_Peint_TREILLIS_AN,NoAction,ApparentAgeBased,0.0,FALSE
Peinture_AGZCF_Agent_Pylone_Peint_TUBULAIRE_AG,Agent_Pylone_Peint_TUBULAIRE_AG,Replacement,ApparentAgeBased,1.0,FALSE
Peinture_AGZCF_Agent_Pylone_Peint_TUBULAIRE_AN,Agent_Pylone_Peint_TUBULAIRE_AN,NoAction,ApparentAgeBased,0.0,FALSE
Peinture_AGZCF_Conducteur_ALMELEC,Conducteur_ALMELEC,NoAction,ApparentAgeBased,0.0,FALSE
Peinture_AGZCF_Conducteur_ALMELEC+ACIER,Conducteur_ALMELEC+ACIER,NoAction,ApparentAgeBased,0.0,FALSE
Peinture_AGZCF_Conducteur_ALUMINIUM,Conducteur_ALUMINIUM,NoAction,ApparentAgeBased,0.0,FALSE
Peinture_AGZCF_Conducteur_ALUMINIUM+ACIER,Conducteur_ALUMINIUM+ACIER,NoAction,ApparentAgeBased,0.0,FALSE
Peinture_AGZCF_Conducteur_CABLE_FAIBLE_DILATATION,Conducteur_CABLE_FAIBLE_DILATATION,NoAction,ApparentAgeBased,0.0,FALSE
Peinture_AGZCF_Conducteur_CUIVRE,Conducteur_CUIVRE,NoAction,ApparentAgeBased,0.0,FALSE
Peinture_AGZCF_Embase,Embase,NoAction,ApparentAgeBased,0.0,FALSE
Peinture_AGZCF_Fondation,Fondation,NoAction,ApparentAgeBased,0.0,FALSE
Peinture_AGZCF_MC1,MC1,NoAction,ApparentAgeBased,0.0,FALSE
Peinture_AGZCF_MC2,MC2,NoAction,ApparentAgeBased,0.0,FALSE
Peinture_AGZCF_Poteau_BETON,Poteau_BETON,NoAction,ApparentAgeBased,0.0,FALSE
Peinture_AGZCF_Poteau_BOIS,Poteau_BOIS,NoAction,ApparentAgeBased,0.0,FALSE
Peinture_AGZCF_Pylone_TREILLIS_AG,Pylone_TREILLIS_AG,NoAction,ApparentAgeBased,0.0,FALSE
Peinture_AGZCF_Pylone_TREILLIS_AG_TEMP,Pylone_TREILLIS_AG_TEMP,NoAction,ApparentAgeBased,0.0,FALSE
Peinture_AGZCF_Pylone_TREILLIS_AN,Pylone_TREILLIS_AN,NoAction,ApparentAgeBased,0.0,FALSE
Peinture_AGZCF_Pylone_TREILLIS_AN_TEMP,Pylone_TREILLIS_AN_TEMP,NoAction,ApparentAgeBased,0.0,FALSE
Peinture_AGZCF_Pylone_TUBULAIRE_AG,Pylone_TUBULAIRE_AG,NoAction,ApparentAgeBased,0.0,FALSE
Peinture_AGZCF_Pylone_TUBULAIRE_AN,Pylone_TUBULAIRE_AN,NoAction,ApparentAgeBased,0.0,FALSE
Peinture_AGZCN_Agent_Pylone_Peint_TREILLIS_AG,Agent_Pylone_Peint_TREILLIS_AG,Replacement,ApparentAgeBased,1.0,FALSE
Peinture_AGZCN_Agent_Pylone_Peint_TREILLIS_AN,Agent_Pylone_Peint_TREILLIS_AN,NoAction,ApparentAgeBased,0.0,FALSE
Peinture_AGZCN_Agent_Pylone_Peint_TUBULAIRE_AG,Agent_Pylone_Peint_TUBULAIRE_AG,Replacement,ApparentAgeBased,1.0,FALSE
Peinture_AGZCN_Agent_Pylone_Peint_TUBULAIRE_AN,Agent_Pylone_Peint_TUBULAIRE_AN,NoAction,ApparentAgeBased,0.0,FALSE
Peinture_AGZCN_Conducteur_ALMELEC,Conducteur_ALMELEC,NoAction,ApparentAgeBased,0.0,FALSE
Peinture_AGZCN_Conducteur_ALMELEC+ACIER,Conducteur_ALMELEC+ACIER,NoAction,ApparentAgeBased,0.0,FALSE
Peinture_AGZCN_Conducteur_ALUMINIUM,Conducteur_ALUMINIUM,NoAction,ApparentAgeBased,0.0,FALSE
Peinture_AGZCN_Conducteur_ALUMINIUM+ACIER,Conducteur_ALUMINIUM+ACIER,NoAction,ApparentAgeBased,0.0,FALSE
Peinture_AGZCN_Conducteur_CABLE_FAIBLE_DILATATION,Conducteur_CABLE_FAIBLE_DILATATION,NoAction,ApparentAgeBased,0.0,FALSE
Peinture_AGZCN_Conducteur_CUIVRE,Conducteur_CUIVRE,NoAction,ApparentAgeBased,0.0,FALSE
Peinture_AGZCN_Embase,Embase,NoAction,ApparentAgeBased,0.0,FALSE
Peinture_AGZCN_Fondation,Fondation,NoAction,ApparentAgeBased,0.0,FALSE
Peinture_AGZCN_MC1,MC1,NoAction,ApparentAgeBased,0.0,FALSE
Peinture_AGZCN_MC2,MC2,NoAction,ApparentAgeBased,0.0,FALSE
Peinture_AGZCN_Poteau_BETON,Poteau_BETON,NoAction,ApparentAgeBased,0.0,FALSE
Peinture_AGZCN_Poteau_BOIS,Poteau_BOIS,NoAction,ApparentAgeBased,0.0,FALSE
Peinture_AGZCN_Pylone_TREILLIS_AG,Pylone_TREILLIS_AG,NoAction,ApparentAgeBased,0.0,FALSE
Peinture_AGZCN_Pylone_TREILLIS_AG_TEMP,Pylone_TREILLIS_AG_TEMP,NoAction,ApparentAgeBased,0.0,FALSE
Peinture_AGZCN_Pylone_TREILLIS_AN,Pylone_TREILLIS_AN,NoAction,ApparentAgeBased,0.0,FALSE
Peinture_AGZCN_Pylone_TREILLIS_AN_TEMP,Pylone_TREILLIS_AN_TEMP,NoAction,ApparentAgeBased,0.0,FALSE
Peinture_AGZCN_Pylone_TUBULAIRE_AG,Pylone_TUBULAIRE_AG,NoAction,ApparentAgeBased,0.0,FALSE
Peinture_AGZCN_Pylone_TUBULAIRE_AN,Pylone_TUBULAIRE_AN,NoAction,ApparentAgeBased,0.0,FALSE
Peinture_ANZCF_Agent_Pylone_Peint_TREILLIS_AG,Agent_Pylone_Peint_TREILLIS_AG,NoAction,ApparentAgeBased,0.0,FALSE
Peinture_ANZCF_Agent_Pylone_Peint_TREILLIS_AN,Agent_Pylone_Peint_TREILLIS_AN,Replacement,ApparentAgeBased,1.0,FALSE
Peinture_ANZCF_Agent_Pylone_Peint_TUBULAIRE_AG,Agent_Pylone_Peint_TUBULAIRE_AG,NoAction,ApparentAgeBased,0.0,FALSE
Peinture_ANZCF_Agent_Pylone_Peint_TUBULAIRE_AN,Agent_Pylone_Peint_TUBULAIRE_AN,Replacement,ApparentAgeBased,1.0,FALSE
Peinture_ANZCF_Conducteur_ALMELEC,Conducteur_ALMELEC,NoAction,ApparentAgeBased,0.0,FALSE
Peinture_ANZCF_Conducteur_ALMELEC+ACIER,Conducteur_ALMELEC+ACIER,NoAction,ApparentAgeBased,0.0,FALSE
Peinture_ANZCF_Conducteur_ALUMINIUM,Conducteur_ALUMINIUM,NoAction,ApparentAgeBased,0.0,FALSE
Peinture_ANZCF_Conducteur_ALUMINIUM+ACIER,Conducteur_ALUMINIUM+ACIER,NoAction,ApparentAgeBased,0.0,FALSE
Peinture_ANZCF_Conducteur_CABLE_FAIBLE_DILATATION,Conducteur_CABLE_FAIBLE_DILATATION,NoAction,ApparentAgeBased,0.0,FALSE
Peinture_ANZCF_Conducteur_CUIVRE,Conducteur_CUIVRE,NoAction,ApparentAgeBased,0.0,FALSE
Peinture_ANZCF_Embase,Embase,NoAction,ApparentAgeBased,0.0,FALSE
Peinture_ANZCF_Fondation,Fondation,NoAction,ApparentAgeBased,0.0,FALSE
Peinture_ANZCF_MC1,MC1,NoAction,ApparentAgeBased,0.0,FALSE
Peinture_ANZCF_MC2,MC2,NoAction,ApparentAgeBased,0.0,FALSE
Peinture_ANZCF_Poteau_BETON,Poteau_BETON,NoAction,ApparentAgeBased,0.0,FALSE
Peinture_ANZCF_Poteau_BOIS,Poteau_BOIS,NoAction,ApparentAgeBased,0.0,FALSE
Peinture_ANZCF_Pylone_TREILLIS_AG,Pylone_TREILLIS_AG,NoAction,ApparentAgeBased,0.0,FALSE
Peinture_ANZCF_Pylone_TREILLIS_AG_TEMP,Pylone_TREILLIS_AG_TEMP,NoAction,ApparentAgeBased,0.0,FALSE
Peinture_ANZCF_Pylone_TREILLIS_AN,Pylone_TREILLIS_AN,NoAction,ApparentAgeBased,0.0,FALSE
Peinture_ANZCF_Pylone_TREILLIS_AN_TEMP,Pylone_TREILLIS_AN_TEMP,NoAction,ApparentAgeBased,0.0,FALSE
Peinture_ANZCF_Pylone_TUBULAIRE_AG,Pylone_TUBULAIRE_AG,NoAction,ApparentAgeBased,0.0,FALSE
Peinture_ANZCF_Pylone_TUBULAIRE_AN,Pylone_TUBULAIRE_AN,NoAction,ApparentAgeBased,0.0,FALSE
Peinture_ANZCN_Agent_Pylone_Peint_TREILLIS_AG,Agent_Pylone_Peint_TREILLIS_AG,NoAction,ApparentAgeBased,0.0,FALSE
Peinture_ANZCN_Agent_Pylone_Peint_TREILLIS_AN,Agent_Pylone_Peint_TREILLIS_AN,Replacement,ApparentAgeBased,1.0,FALSE
Peinture_ANZCN_Agent_Pylone_Peint_TUBULAIRE_AG,Agent_Pylone_Peint_TUBULAIRE_AG,NoAction,ApparentAgeBased,0.0,FALSE
Peinture_ANZCN_Agent_Pylone_Peint_TUBULAIRE_AN,Agent_Pylone_Peint_TUBULAIRE_AN,Replacement,ApparentAgeBased,1.0,FALSE
Peinture_ANZCN_Conducteur_ALMELEC,Conducteur_ALMELEC,NoAction,ApparentAgeBased,0.0,FALSE
Peinture_ANZCN_Conducteur_ALMELEC+ACIER,Conducteur_ALMELEC+ACIER,NoAction,ApparentAgeBased,0.0,FALSE
Peinture_ANZCN_Conducteur_ALUMINIUM,Conducteur_ALUMINIUM,NoAction,ApparentAgeBased,0.0,FALSE
Peinture_ANZCN_Conducteur_ALUMINIUM+ACIER,Conducteur_ALUMINIUM+ACIER,NoAction,ApparentAgeBased,0.0,FALSE
Peinture_ANZCN_Conducteur_CABLE_FAIBLE_DILATATION,Conducteur_CABLE_FAIBLE_DILATATION,NoAction,ApparentAgeBased,0.0,FALSE
Peinture_ANZCN_Conducteur_CUIVRE,Conducteur_CUIVRE,NoAction,ApparentAgeBased,0.0,FALSE
Peinture_ANZCN_Embase,Embase,NoAction,ApparentAgeBased,0.0,FALSE
Peinture_ANZCN_Fondation,Fondation,NoAction,ApparentAgeBased,0.0,FALSE
Peinture_ANZCN_MC1,MC1,NoAction,ApparentAgeBased,0.0,FALSE
Peinture_ANZCN_MC2,MC2,NoAction,ApparentAgeBased,0.0,FALSE
Peinture_ANZCN_Poteau_BETON,Poteau_BETON,NoAction,ApparentAgeBased,0.0,FALSE
Peinture_ANZCN_Poteau_BOIS,Poteau_BOIS,NoAction,ApparentAgeBased,0.0,FALSE
Peinture_ANZCN_Pylone_TREILLIS_AG,Pylone_TREILLIS_AG,NoAction,ApparentAgeBased,0.0,FALSE
Peinture_ANZCN_Pylone_TREILLIS_AG_TEMP,Pylone_TREILLIS_AG_TEMP,NoAction,ApparentAgeBased,0.0,FALSE
Peinture_ANZCN_Pylone_TREILLIS_AN,Pylone_TREILLIS_AN,NoAction,ApparentAgeBased,0.0,FALSE
Peinture_ANZCN_Pylone_TREILLIS_AN_TEMP,Pylone_TREILLIS_AN_TEMP,NoAction,ApparentAgeBased,0.0,FALSE
Peinture_ANZCN_Pylone_TUBULAIRE_AG,Pylone_TUBULAIRE_AG,NoAction,ApparentAgeBased,0.0,FALSE
Peinture_ANZCN_Pylone_TUBULAIRE_AN,Pylone_TUBULAIRE_AN,NoAction,ApparentAgeBased,0.0,FALSE
Pylone_Depose_Agent_Pylone_Peint_TREILLIS_AG,Agent_Pylone_Peint_TREILLIS_AG,Deactivation,ApparentAgeBased,0.0,FALSE
Pylone_Depose_Agent_Pylone_Peint_TREILLIS_AN,Agent_Pylone_Peint_TREILLIS_AN,Deactivation,ApparentAgeBased,0.0,FALSE
Pylone_Depose_Agent_Pylone_Peint_TUBULAIRE_AG,Agent_Pylone_Peint_TUBULAIRE_AG,Deactivation,ApparentAgeBased,0.0,FALSE
Pylone_Depose_Agent_Pylone_Peint_TUBULAIRE_AN,Agent_Pylone_Peint_TUBULAIRE_AN,Deactivation,ApparentAgeBased,0.0,FALSE
Pylone_Depose_Embase,Embase,NoAction,ApparentAgeBased,0.0,FALSE
Pylone_Depose_Fondation,Fondation,NoAction,ApparentAgeBased,0.0,FALSE
Pylone_Depose_MC1,MC1,NoAction,ApparentAgeBased,0.0,FALSE
Pylone_Depose_MC2,MC2,NoAction,ApparentAgeBased,0.0,FALSE
Pylone_Depose_Poteau_BETON,Poteau_BETON,Deactivation,ApparentAgeBased,0.0,FALSE
Pylone_Depose_Poteau_BOIS,Poteau_BOIS,Deactivation,ApparentAgeBased,0.0,FALSE
Pylone_Depose_Pylone_TREILLIS_AG,Pylone_TREILLIS_AG,Deactivation,ApparentAgeBased,0.0,FALSE
Pylone_Depose_Pylone_TREILLIS_AG_TEMP,Pylone_TREILLIS_AG_TEMP,Deactivation,ApparentAgeBased,0.0,FALSE
Pylone_Depose_Pylone_TREILLIS_AN,Pylone_TREILLIS_AN,Deactivation,ApparentAgeBased,0.0,FALSE
Pylone_Depose_Pylone_TREILLIS_AN_TEMP,Pylone_TREILLIS_AN_TEMP,Deactivation,ApparentAgeBased,0.0,FALSE
Pylone_Depose_Pylone_TUBULAIRE_AG,Pylone_TUBULAIRE_AG,Deactivation,ApparentAgeBased,0.0,FALSE
Pylone_Depose_Pylone_TUBULAIRE_AN,Pylone_TUBULAIRE_AN,Deactivation,ApparentAgeBased,0.0,FALSE
Pylone_Inspection_Agent_Pylone_Peint_TREILLIS_AG,Agent_Pylone_Peint_TREILLIS_AG,Inspection,ApparentAgeBased,0.0,FALSE
Pylone_Inspection_Agent_Pylone_Peint_TREILLIS_AN,Agent_Pylone_Peint_TREILLIS_AN,Inspection,ApparentAgeBased,0.0,FALSE
Pylone_Inspection_Agent_Pylone_Peint_TUBULAIRE_AG,Agent_Pylone_Peint_TUBULAIRE_AG,Inspection,ApparentAgeBased,0.0,FALSE
Pylone_Inspection_Agent_Pylone_Peint_TUBULAIRE_AN,Agent_Pylone_Peint_TUBULAIRE_AN,Inspection,ApparentAgeBased,0.0,FALSE
Pylone_Inspection_Embase,Embase,Inspection,ApparentAgeBased,0.0,FALSE
Pylone_Inspection_Fondation,Fondation,Inspection,ApparentAgeBased,0.0,FALSE
Pylone_Inspection_MC1,MC1,NoAction,ApparentAgeBased,0.0,FALSE
Pylone_Inspection_MC2,MC2,NoAction,ApparentAgeBased,0.0,FALSE
Pylone_Inspection_Poteau_BETON,Poteau_BETON,Inspection,ApparentAgeBased,0.0,FALSE
Pylone_Inspection_Poteau_BOIS,Poteau_BOIS,Inspection,ApparentAgeBased,0.0,FALSE
Pylone_Inspection_Pylone_TREILLIS_AG,Pylone_TREILLIS_AG,Inspection,ApparentAgeBased,0.0,FALSE
Pylone_Inspection_Pylone_TREILLIS_AG_TEMP,Pylone_TREILLIS_AG_TEMP,Inspection,ApparentAgeBased,0.0,FALSE
Pylone_Inspection_Pylone_TREILLIS_AN,Pylone_TREILLIS_AN,Inspection,ApparentAgeBased,0.0,FALSE
Pylone_Inspection_Pylone_TREILLIS_AN_TEMP,Pylone_TREILLIS_AN_TEMP,Inspection,ApparentAgeBased,0.0,FALSE
Pylone_Inspection_Pylone_TUBULAIRE_AG,Pylone_TUBULAIRE_AG,Inspection,ApparentAgeBased,0.0,FALSE
Pylone_Inspection_Pylone_TUBULAIRE_AN,Pylone_TUBULAIRE_AN,Inspection,ApparentAgeBased,0.0,FALSE
Pylone_Ruine_Agent_Pylone_Peint_TREILLIS_AG,Agent_Pylone_Peint_TREILLIS_AG,Replacement,ApparentAgeBased,1.0,FALSE
Pylone_Ruine_Agent_Pylone_Peint_TREILLIS_AN,Agent_Pylone_Peint_TREILLIS_AN,Replacement,ApparentAgeBased,1.0,FALSE
Pylone_Ruine_Agent_Pylone_Peint_TUBULAIRE_AG,Agent_Pylone_Peint_TUBULAIRE_AG,Replacement,ApparentAgeBased,1.0,FALSE
Pylone_Ruine_Agent_Pylone_Peint_TUBULAIRE_AN,Agent_Pylone_Peint_TUBULAIRE_AN,Replacement,ApparentAgeBased,1.0,FALSE
Pylone_Ruine_Embase,Embase,Repairs,ApparentAgeBased,1.0,FALSE
Pylone_Ruine_Fondation,Fondation,Repairs,ApparentAgeBased,1.0,FALSE
Pylone_Ruine_MC1,MC1,Deactivation,ApparentAgeBased,0.0,FALSE
Pylone_Ruine_MC2,MC2,Deactivation,ApparentAgeBased,0.0,FALSE
Pylone_Ruine_Poteau_BETON,Poteau_BETON,NoAction,ApparentAgeBased,1.0,FALSE
Pylone_Ruine_Poteau_BOIS,Poteau_BOIS,NoAction,ApparentAgeBased,1.0,FALSE
Pylone_Ruine_Pylone_TREILLIS_AG,Pylone_TREILLIS_AG,Replacement,ApparentAgeBased,1.0,FALSE
Pylone_Ruine_Pylone_TREILLIS_AG_TEMP,Pylone_TREILLIS_AG_TEMP,Replacement,ApparentAgeBased,1.0,FALSE
Pylone_Ruine_Pylone_TREILLIS_AN,Pylone_TREILLIS_AN,Replacement,ApparentAgeBased,1.0,FALSE
Pylone_Ruine_Pylone_TREILLIS_AN_TEMP,Pylone_TREILLIS_AN_TEMP,Replacement,ApparentAgeBased,1.0,FALSE
Pylone_Ruine_Pylone_TUBULAIRE_AG,Pylone_TUBULAIRE_AG,Replacement,ApparentAgeBased,1.0,FALSE
Pylone_Ruine_Pylone_TUBULAIRE_AN,Pylone_TUBULAIRE_AN,Replacement,ApparentAgeBased,1.0,FALSE
Pylones_Equiv_Haut_Agent_Pylone_Peint_TREILLIS_AG,Agent_Pylone_Peint_TREILLIS_AG,Replacement,ApparentAgeBased,1.0,FALSE
Pylones_Equiv_Haut_Agent_Pylone_Peint_TREILLIS_AN,Agent_Pylone_Peint_TREILLIS_AN,Replacement,ApparentAgeBased,1.0,FALSE
Pylones_Equiv_Haut_Agent_Pylone_Peint_TUBULAIRE_AG,Agent_Pylone_Peint_TUBULAIRE_AG,Replacement,ApparentAgeBased,1.0,FALSE
Pylones_Equiv_Haut_Agent_Pylone_Peint_TUBULAIRE_AN,Agent_Pylone_Peint_TUBULAIRE_AN,Replacement,ApparentAgeBased,1.0,FALSE
Pylones_Equiv_Haut_Conducteur_ALMELEC,Conducteur_ALMELEC,NoAction,ApparentAgeBased,1.0,FALSE
Pylones_Equiv_Haut_Conducteur_ALMELEC+ACIER,Conducteur_ALMELEC+ACIER,NoAction,ApparentAgeBased,1.0,FALSE
Pylones_Equiv_Haut_Conducteur_ALUMINIUM,Conducteur_ALUMINIUM,NoAction,ApparentAgeBased,1.0,FALSE
Pylones_Equiv_Haut_Conducteur_ALUMINIUM+ACIER,Conducteur_ALUMINIUM+ACIER,NoAction,ApparentAgeBased,1.0,FALSE
Pylones_Equiv_Haut_Conducteur_CABLE_FAIBLE_DILATATION,Conducteur_CABLE_FAIBLE_DILATATION,NoAction,ApparentAgeBased,1.0,FALSE
Pylones_Equiv_Haut_Conducteur_CUIVRE,Conducteur_CUIVRE,NoAction,ApparentAgeBased,1.0,FALSE
Pylones_Equiv_Haut_Embase,Embase,Replacement,ApparentAgeBased,1.0,FALSE
Pylones_Equiv_Haut_Fondation,Fondation,Replacement,ApparentAgeBased,1.0,FALSE
Pylones_Equiv_Haut_MC1,MC1,Deactivation,ApparentAgeBased,0.0,FALSE
Pylones_Equiv_Haut_MC2,MC2,Deactivation,ApparentAgeBased,0.0,FALSE
Pylones_Equiv_Haut_Poteau_BETON,Poteau_BETON,Replacement,ApparentAgeBased,1.0,FALSE
Pylones_Equiv_Haut_Poteau_BOIS,Poteau_BOIS,Replacement,ApparentAgeBased,1.0,FALSE
Pylones_Equiv_Haut_Pylone_TREILLIS_AG,Pylone_TREILLIS_AG,Replacement,ApparentAgeBased,1.0,FALSE
Pylones_Equiv_Haut_Pylone_TREILLIS_AG_TEMP,Pylone_TREILLIS_AG_TEMP,Replacement,ApparentAgeBased,1.0,FALSE
Pylones_Equiv_Haut_Pylone_TREILLIS_AN,Pylone_TREILLIS_AN,Replacement,ApparentAgeBased,1.0,FALSE
Pylones_Equiv_Haut_Pylone_TREILLIS_AN_TEMP,Pylone_TREILLIS_AN_TEMP,Replacement,ApparentAgeBased,1.0,FALSE
Pylones_Equiv_Haut_Pylone_TUBULAIRE_AG,Pylone_TUBULAIRE_AG,Replacement,ApparentAgeBased,1.0,FALSE
Pylones_Equiv_Haut_Pylone_TUBULAIRE_AN,Pylone_TUBULAIRE_AN,Replacement,ApparentAgeBased,1.0,FALSE
Pylones_Tempo_Agent_Pylone_Peint_TREILLIS_AG,Agent_Pylone_Peint_TREILLIS_AG,Deactivation,ApparentAgeBased,1.0,FALSE
Pylones_Tempo_Agent_Pylone_Peint_TREILLIS_AN,Agent_Pylone_Peint_TREILLIS_AN,Deactivation,ApparentAgeBased,1.0,FALSE
Pylones_Tempo_Agent_Pylone_Peint_TUBULAIRE_AG,Agent_Pylone_Peint_TUBULAIRE_AG,NoAction,ApparentAgeBased,1.0,FALSE
Pylones_Tempo_Agent_Pylone_Peint_TUBULAIRE_AN,Agent_Pylone_Peint_TUBULAIRE_AN,NoAction,ApparentAgeBased,1.0,FALSE
Pylones_Tempo_Conducteur_ALMELEC,Conducteur_ALMELEC,NoAction,ApparentAgeBased,0.0,FALSE
Pylones_Tempo_Conducteur_ALMELEC+ACIER,Conducteur_ALMELEC+ACIER,NoAction,ApparentAgeBased,0.0,FALSE
Pylones_Tempo_Conducteur_ALUMINIUM,Conducteur_ALUMINIUM,NoAction,ApparentAgeBased,0.0,FALSE
Pylones_Tempo_Conducteur_ALUMINIUM+ACIER,Conducteur_ALUMINIUM+ACIER,NoAction,ApparentAgeBased,0.0,FALSE
Pylones_Tempo_Conducteur_CABLE_FAIBLE_DILATATION,Conducteur_CABLE_FAIBLE_DILATATION,NoAction,ApparentAgeBased,0.0,FALSE
Pylones_Tempo_Conducteur_CUIVRE,Conducteur_CUIVRE,NoAction,ApparentAgeBased,0.0,FALSE
Pylones_Tempo_Embase,Embase,NoAction,ApparentAgeBased,0.0,FALSE
Pylones_Tempo_Fondation,Fondation,NoAction,ApparentAgeBased,0.0,FALSE
Pylones_Tempo_MC1,MC1,Deactivation,ApparentAgeBased,0.0,FALSE
Pylones_Tempo_MC2,MC2,Deactivation,ApparentAgeBased,0.0,FALSE
Pylones_Tempo_Poteau_BETON,Poteau_BETON,NoAction,ApparentAgeBased,0.0,FALSE
Pylones_Tempo_Poteau_BOIS,Poteau_BOIS,NoAction,ApparentAgeBased,0.0,FALSE
Pylones_Tempo_Pylone_TREILLIS_AG,Pylone_TREILLIS_AG,Replacement,ApparentAgeBased,1.0,FALSE
Pylones_Tempo_Pylone_TREILLIS_AG_TEMP,Pylone_TREILLIS_AG_TEMP,NoAction,ApparentAgeBased,0.0,FALSE
Pylones_Tempo_Pylone_TREILLIS_AN,Pylone_TREILLIS_AN,Replacement,ApparentAgeBased,1.0,FALSE
Pylones_Tempo_Pylone_TREILLIS_AN_TEMP,Pylone_TREILLIS_AN_TEMP,NoAction,ApparentAgeBased,0.0,FALSE
Pylones_Tempo_Pylone_TUBULAIRE_AG,Pylone_TUBULAIRE_AG,NoAction,ApparentAgeBased,0.0,FALSE
Pylones_Tempo_Pylone_TUBULAIRE_AN,Pylone_TUBULAIRE_AN,NoAction,ApparentAgeBased,0.0,FALSE
Remplacement_poteau_bois_Agent_Pylone_Peint_TREILLIS_AG,Agent_Pylone_Peint_TREILLIS_AG,NoAction,ApparentAgeBased,0.0,FALSE
Remplacement_poteau_bois_Agent_Pylone_Peint_TREILLIS_AN,Agent_Pylone_Peint_TREILLIS_AN,NoAction,ApparentAgeBased,0.0,FALSE
Remplacement_poteau_bois_Agent_Pylone_Peint_TUBULAIRE_AG,Agent_Pylone_Peint_TUBULAIRE_AG,NoAction,ApparentAgeBased,0.0,FALSE
Remplacement_poteau_bois_Agent_Pylone_Peint_TUBULAIRE_AN,Agent_Pylone_Peint_TUBULAIRE_AN,NoAction,ApparentAgeBased,0.0,FALSE
Remplacement_poteau_bois_Conducteur_ALMELEC,Conducteur_ALMELEC,NoAction,ApparentAgeBased,0.0,FALSE
Remplacement_poteau_bois_Conducteur_ALMELEC+ACIER,Conducteur_ALMELEC+ACIER,NoAction,ApparentAgeBased,0.0,FALSE
Remplacement_poteau_bois_Conducteur_ALUMINIUM,Conducteur_ALUMINIUM,NoAction,ApparentAgeBased,0.0,FALSE
Remplacement_poteau_bois_Conducteur_ALUMINIUM+ACIER,Conducteur_ALUMINIUM+ACIER,NoAction,ApparentAgeBased,0.0,FALSE
Remplacement_poteau_bois_Conducteur_CABLE_FAIBLE_DILATATION,Conducteur_CABLE_FAIBLE_DILATATION,NoAction,ApparentAgeBased,0.0,FALSE
Remplacement_poteau_bois_Conducteur_CUIVRE,Conducteur_CUIVRE,NoAction,ApparentAgeBased,0.0,FALSE
Remplacement_poteau_bois_Embase,Embase,NoAction,ApparentAgeBased,0.0,FALSE
Remplacement_poteau_bois_Fondation,Fondation,NoAction,ApparentAgeBased,0.0,FALSE
Remplacement_poteau_bois_MC1,MC1,Deactivation,ApparentAgeBased,0.0,FALSE
Remplacement_poteau_bois_MC2,MC2,Deactivation,ApparentAgeBased,0.0,FALSE
Remplacement_poteau_bois_Poteau_BETON,Poteau_BETON,NoAction,ApparentAgeBased,0.0,FALSE
Remplacement_poteau_bois_Poteau_BOIS,Poteau_BOIS,Replacement,ApparentAgeBased,1.0,FALSE
Remplacement_poteau_bois_Pylone_TREILLIS_AG,Pylone_TREILLIS_AG,NoAction,ApparentAgeBased,0.0,FALSE
Remplacement_poteau_bois_Pylone_TREILLIS_AG_TEMP,Pylone_TREILLIS_AG_TEMP,NoAction,ApparentAgeBased,0.0,FALSE
Remplacement_poteau_bois_Pylone_TREILLIS_AN,Pylone_TREILLIS_AN,NoAction,ApparentAgeBased,0.0,FALSE
Remplacement_poteau_bois_Pylone_TREILLIS_AN_TEMP,Pylone_TREILLIS_AN_TEMP,NoAction,ApparentAgeBased,0.0,FALSE
Remplacement_poteau_bois_Pylone_TUBULAIRE_AG,Pylone_TUBULAIRE_AG,NoAction,ApparentAgeBased,0.0,FALSE
Remplacement_poteau_bois_Pylone_TUBULAIRE_AN,Pylone_TUBULAIRE_AN,NoAction,ApparentAgeBased,0.0,FALSE
Remplacement_poteaux_beton_Agent_Pylone_Peint_TREILLIS_AG,Agent_Pylone_Peint_TREILLIS_AG,NoAction,ApparentAgeBased,0.0,FALSE
Remplacement_poteaux_beton_Agent_Pylone_Peint_TREILLIS_AN,Agent_Pylone_Peint_TREILLIS_AN,NoAction,ApparentAgeBased,0.0,FALSE
Remplacement_poteaux_beton_Agent_Pylone_Peint_TUBULAIRE_AG,Agent_Pylone_Peint_TUBULAIRE_AG,NoAction,ApparentAgeBased,0.0,FALSE
Remplacement_poteaux_beton_Agent_Pylone_Peint_TUBULAIRE_AN,Agent_Pylone_Peint_TUBULAIRE_AN,NoAction,ApparentAgeBased,0.0,FALSE
Remplacement_poteaux_beton_Conducteur_ALMELEC,Conducteur_ALMELEC,NoAction,ApparentAgeBased,0.0,FALSE
Remplacement_poteaux_beton_Conducteur_ALMELEC+ACIER,Conducteur_ALMELEC+ACIER,NoAction,ApparentAgeBased,0.0,FALSE
Remplacement_poteaux_beton_Conducteur_ALUMINIUM,Conducteur_ALUMINIUM,NoAction,ApparentAgeBased,0.0,FALSE
Remplacement_poteaux_beton_Conducteur_ALUMINIUM+ACIER,Conducteur_ALUMINIUM+ACIER,NoAction,ApparentAgeBased,0.0,FALSE
Remplacement_poteaux_beton_Conducteur_CABLE_FAIBLE_DILATATION,Conducteur_CABLE_FAIBLE_DILATATION,NoAction,ApparentAgeBased,0.0,FALSE
Remplacement_poteaux_beton_Conducteur_CUIVRE,Conducteur_CUIVRE,NoAction,ApparentAgeBased,0.0,FALSE
Remplacement_poteaux_beton_Embase,Embase,NoAction,ApparentAgeBased,0.0,FALSE
Remplacement_poteaux_beton_Fondation,Fondation,NoAction,ApparentAgeBased,0.0,FALSE
Remplacement_poteaux_beton_MC1,MC1,Deactivation,ApparentAgeBased,0.0,FALSE
Remplacement_poteaux_beton_MC2,MC2,Deactivation,ApparentAgeBased,0.0,FALSE
Remplacement_poteaux_beton_Poteau_BETON,Poteau_BETON,Replacement,ApparentAgeBased,1.0,FALSE
Remplacement_poteaux_beton_Poteau_BOIS,Poteau_BOIS,NoAction,ApparentAgeBased,0.0,FALSE
Remplacement_poteaux_beton_Pylone_TREILLIS_AG,Pylone_TREILLIS_AG,NoAction,ApparentAgeBased,0.0,FALSE
Remplacement_poteaux_beton_Pylone_TREILLIS_AG_TEMP,Pylone_TREILLIS_AG_TEMP,NoAction,ApparentAgeBased,0.0,FALSE
Remplacement_poteaux_beton_Pylone_TREILLIS_AN,Pylone_TREILLIS_AN,NoAction,ApparentAgeBased,0.0,FALSE
Remplacement_poteaux_beton_Pylone_TREILLIS_AN_TEMP,Pylone_TREILLIS_AN_TEMP,NoAction,ApparentAgeBased,0.0,FALSE
Remplacement_poteaux_beton_Pylone_TUBULAIRE_AG,Pylone_TUBULAIRE_AG,NoAction,ApparentAgeBased,0.0,FALSE
Remplacement_poteaux_beton_Pylone_TUBULAIRE_AN,Pylone_TUBULAIRE_AN,NoAction,ApparentAgeBased,0.0,FALSE
Renouvellement_Canton_Beton_Agent_Pylone_Peint_TREILLIS_AG,Agent_Pylone_Peint_TREILLIS_AG,NoAction,ApparentAgeBased,0.0,FALSE
Renouvellement_Canton_Beton_Agent_Pylone_Peint_TREILLIS_AN,Agent_Pylone_Peint_TREILLIS_AN,NoAction,ApparentAgeBased,0.0,FALSE
Renouvellement_Canton_Beton_Agent_Pylone_Peint_TUBULAIRE_AG,Agent_Pylone_Peint_TUBULAIRE_AG,NoAction,ApparentAgeBased,0.0,FALSE
Renouvellement_Canton_Beton_Agent_Pylone_Peint_TUBULAIRE_AN,Agent_Pylone_Peint_TUBULAIRE_AN,NoAction,ApparentAgeBased,0.0,FALSE
Renouvellement_Canton_Beton_Conducteur_ALMELEC,Conducteur_ALMELEC,Replacement,ApparentAgeBased,1.0,FALSE
Renouvellement_Canton_Beton_Conducteur_ALMELEC+ACIER,Conducteur_ALMELEC+ACIER,Replacement,ApparentAgeBased,1.0,FALSE
Renouvellement_Canton_Beton_Conducteur_ALUMINIUM,Conducteur_ALUMINIUM,Replacement,ApparentAgeBased,1.0,FALSE
Renouvellement_Canton_Beton_Conducteur_ALUMINIUM+ACIER,Conducteur_ALUMINIUM+ACIER,Replacement,ApparentAgeBased,1.0,FALSE
Renouvellement_Canton_Beton_Conducteur_CABLE_FAIBLE_DILATATION,Conducteur_CABLE_FAIBLE_DILATATION,Replacement,ApparentAgeBased,1.0,FALSE
Renouvellement_Canton_Beton_Conducteur_CUIVRE,Conducteur_CUIVRE,Replacement,ApparentAgeBased,1.0,FALSE
Renouvellement_Canton_Beton_Embase,Embase,NoAction,ApparentAgeBased,0.0,FALSE
Renouvellement_Canton_Beton_Fondation,Fondation,NoAction,ApparentAgeBased,0.0,FALSE
Renouvellement_Canton_Beton_MC1,MC1,Deactivation,ApparentAgeBased,0.0,FALSE
Renouvellement_Canton_Beton_MC2,MC2,Deactivation,ApparentAgeBased,0.0,FALSE
Renouvellement_Canton_Beton_Poteau_BETON,Poteau_BETON,Replacement,ApparentAgeBased,1.0,FALSE
Renouvellement_Canton_Beton_Poteau_BOIS,Poteau_BOIS,NoAction,ApparentAgeBased,0.0,FALSE
Renouvellement_Canton_Beton_Pylone_TREILLIS_AG,Pylone_TREILLIS_AG,NoAction,ApparentAgeBased,0.0,FALSE
Renouvellement_Canton_Beton_Pylone_TREILLIS_AG_TEMP,Pylone_TREILLIS_AG_TEMP,NoAction,ApparentAgeBased,0.0,FALSE
Renouvellement_Canton_Beton_Pylone_TREILLIS_AN,Pylone_TREILLIS_AN,NoAction,ApparentAgeBased,0.0,FALSE
Renouvellement_Canton_Beton_Pylone_TREILLIS_AN_TEMP,Pylone_TREILLIS_AN_TEMP,NoAction,ApparentAgeBased,0.0,FALSE
Renouvellement_Canton_Beton_Pylone_TUBULAIRE_AG,Pylone_TUBULAIRE_AG,NoAction,ApparentAgeBased,0.0,FALSE
Renouvellement_Canton_Beton_Pylone_TUBULAIRE_AN,Pylone_TUBULAIRE_AN,NoAction,ApparentAgeBased,0.0,FALSE
Renouvellement_Canton_Bois_Agent_Pylone_Peint_TREILLIS_AG,Agent_Pylone_Peint_TREILLIS_AG,NoAction,ApparentAgeBased,0.0,FALSE
Renouvellement_Canton_Bois_Agent_Pylone_Peint_TREILLIS_AN,Agent_Pylone_Peint_TREILLIS_AN,NoAction,ApparentAgeBased,0.0,FALSE
Renouvellement_Canton_Bois_Agent_Pylone_Peint_TUBULAIRE_AG,Agent_Pylone_Peint_TUBULAIRE_AG,NoAction,ApparentAgeBased,0.0,FALSE
Renouvellement_Canton_Bois_Agent_Pylone_Peint_TUBULAIRE_AN,Agent_Pylone_Peint_TUBULAIRE_AN,NoAction,ApparentAgeBased,0.0,FALSE
Renouvellement_Canton_Bois_Conducteur_ALMELEC,Conducteur_ALMELEC,Replacement,ApparentAgeBased,1.0,FALSE
Renouvellement_Canton_Bois_Conducteur_ALMELEC+ACIER,Conducteur_ALMELEC+ACIER,Replacement,ApparentAgeBased,1.0,FALSE
Renouvellement_Canton_Bois_Conducteur_ALUMINIUM,Conducteur_ALUMINIUM,Replacement,ApparentAgeBased,1.0,FALSE
Renouvellement_Canton_Bois_Conducteur_ALUMINIUM+ACIER,Conducteur_ALUMINIUM+ACIER,Replacement,ApparentAgeBased,1.0,FALSE
Renouvellement_Canton_Bois_Conducteur_CABLE_FAIBLE_DILATATION,Conducteur_CABLE_FAIBLE_DILATATION,Replacement,ApparentAgeBased,1.0,FALSE
Renouvellement_Canton_Bois_Conducteur_CUIVRE,Conducteur_CUIVRE,Replacement,ApparentAgeBased,1.0,FALSE
Renouvellement_Canton_Bois_Embase,Embase,NoAction,ApparentAgeBased,0.0,FALSE
Renouvellement_Canton_Bois_Fondation,Fondation,NoAction,ApparentAgeBased,0.0,FALSE
Renouvellement_Canton_Bois_MC1,MC1,Deactivation,ApparentAgeBased,0.0,FALSE
Renouvellement_Canton_Bois_MC2,MC2,Deactivation,ApparentAgeBased,0.0,FALSE
Renouvellement_Canton_Bois_Poteau_BETON,Poteau_BETON,Replacement,ApparentAgeBased,1.0,FALSE
Renouvellement_Canton_Bois_Poteau_BOIS,Poteau_BOIS,NoAction,ApparentAgeBased,0.0,FALSE
Renouvellement_Canton_Bois_Pylone_TREILLIS_AG,Pylone_TREILLIS_AG,NoAction,ApparentAgeBased,0.0,FALSE
Renouvellement_Canton_Bois_Pylone_TREILLIS_AG_TEMP,Pylone_TREILLIS_AG_TEMP,NoAction,ApparentAgeBased,0.0,FALSE
Renouvellement_Canton_Bois_Pylone_TREILLIS_AN,Pylone_TREILLIS_AN,NoAction,ApparentAgeBased,0.0,FALSE
Renouvellement_Canton_Bois_Pylone_TREILLIS_AN_TEMP,Pylone_TREILLIS_AN_TEMP,NoAction,ApparentAgeBased,0.0,FALSE
Renouvellement_Canton_Bois_Pylone_TUBULAIRE_AG,Pylone_TUBULAIRE_AG,NoAction,ApparentAgeBased,0.0,FALSE
Renouvellement_Canton_Bois_Pylone_TUBULAIRE_AN,Pylone_TUBULAIRE_AN,NoAction,ApparentAgeBased,0.0,FALSE
