source,target
Canton_Renouvellement_Agent_Pylone_Peint_TREILLIS_AN,Agent_Pylone_Peint_TREILLIS_AG
Canton_Renouvellement_Agent_Pylone_Peint_TUBULAIRE_AN,Agent_Pylone_Peint_TUBULAIRE_AG
Canton_Renouvellement_Conducteur_ALUMINIUM,Conducteur_ALMELEC
Canton_Renouvellement_Conducteur_ALUMINIUM+ACIER,Conducteur_ALMELEC
Canton_Renouvellement_Conducteur_CUIVRE,Conducteur_ALMELEC
Canton_Renouvellement_Pylone_TREILLIS_AG_TEMP,Pylone_TREILLIS_AG
Canton_Renouvellement_Pylone_TREILLIS_AN,Pylone_TREILLIS_AG
Canton_Renouvellement_Pylone_TREILLIS_AN_TEMP,Pylone_TREILLIS_AG
Canton_Renouvellement_Pylone_TUBULAIRE_AN,Pylone_TUBULAIRE_AG
Conducteur_Remplacement_Simple _sur_Canton_Conducteur_ALUMINIUM,Conducteur_ALMELEC
Conducteur_Remplacement_Simple _sur_Canton_Conducteur_ALUMINIUM+ACIER,Conducteur_ALMELEC
Conducteur_Remplacement_Simple _sur_Canton_Conducteur_CUIVRE,Conducteur_ALMELEC
Conducteur_Remplacement_Superieur_Conducteur_ALUMINIUM,Conducteur_ALMELEC
Conducteur_Remplacement_Superieur_Conducteur_ALUMINIUM+ACIER,Conducteur_ALMELEC
Conducteur_Remplacement_Superieur_Conducteur_CUIVRE,Conducteur_ALMELEC
Conducteur_Remplacement_Superieur_Pylone_TREILLIS_AG,Pylone_TREILLIS_AG_TEMP
Conducteur_Remplacement_Superieur_Pylone_TREILLIS_AN,Pylone_TREILLIS_AN_TEMP
Pylone_Ruine_Agent_Pylone_Peint_TREILLIS_AN,Agent_Pylone_Peint_TREILLIS_AG
Pylone_Ruine_Agent_Pylone_Peint_TUBULAIRE_AN,Agent_Pylone_Peint_TUBULAIRE_AG
Pylone_Ruine_Pylone_TREILLIS_AG_TEMP,Pylone_TREILLIS_AG
Pylone_Ruine_Pylone_TREILLIS_AN,Pylone_TREILLIS_AG
Pylone_Ruine_Pylone_TREILLIS_AN_TEMP,Pylone_TREILLIS_AG
Pylone_Ruine_Pylone_TUBULAIRE_AN,Pylone_TUBULAIRE_AG
Pylones_Equiv_Haut_Agent_Pylone_Peint_TREILLIS_AN,Agent_Pylone_Peint_TREILLIS_AG
Pylones_Equiv_Haut_Agent_Pylone_Peint_TUBULAIRE_AN,Agent_Pylone_Peint_TUBULAIRE_AG
Pylones_Equiv_Haut_Pylone_TREILLIS_AG_TEMP,Pylone_TREILLIS_AG
Pylones_Equiv_Haut_Pylone_TREILLIS_AN,Pylone_TREILLIS_AG
Pylones_Equiv_Haut_Pylone_TREILLIS_AN_TEMP,Pylone_TREILLIS_AG
Pylones_Equiv_Haut_Pylone_TUBULAIRE_AN,Pylone_TUBULAIRE_AG
Pylones_Tempo_Pylone_TREILLIS_AG,Pylone_TREILLIS_AG_TEMP
Pylones_Tempo_Pylone_TREILLIS_AN,Pylone_TREILLIS_AN_TEMP
Renouvellement_Canton_Beton_Conducteur_ALUMINIUM,Conducteur_ALMELEC
Renouvellement_Canton_Beton_Conducteur_ALUMINIUM+ACIER,Conducteur_ALMELEC
Renouvellement_Canton_Beton_Conducteur_CUIVRE,Conducteur_ALMELEC
Renouvellement_Canton_Bois_Conducteur_ALUMINIUM,Conducteur_ALMELEC
Renouvellement_Canton_Bois_Conducteur_ALUMINIUM+ACIER,Conducteur_ALMELEC
Renouvellement_Canton_Bois_Conducteur_CUIVRE,Conducteur_ALMELEC
