source,target
Gaela_RC1_Remplacement_Simple_Treillis,Gaela_RC1_Remplacement_Simple_Treillis_Age_Pylone_AGZCF_INF_100ans
Gaela_RC1_Remplacement_Simple_Treillis,Gaela_RC1_Remplacement_Simple_Treillis_Age_Pylone_AGZCN_INF_120ans
Gaela_RC1_Remplacement_Simple_Treillis,Gaela_RC1_Remplacement_Simple_Treillis_Age_Pylone_ANZCN_Inf_70ans
Gaela_RC1_Remplacement_Simple_Treillis,Gaela_RC1_Remplacement_Simple_Treillis_Conducteur_Remplacement>85ans
Gaela_RC1_Remplacement_Simple_Treillis,Gaela_RC1_Remplacement_Simple_Treillis_Support_En_ZCF
Gaela_RC1_Remplacement_Simple_Treillis,Gaela_RC1_Remplacement_Simple_Treillis_Support_En_ZCN
Gaela_RC1_Remplacement_Simple_Treillis,Gaela_RC1_Remplacement_Simple_Treillis_priority_score
Gaela_RC1_Tempo,Gaela_RC1_Tempo_AGZCF_sup_100ans
Gaela_RC1_Tempo,Gaela_RC1_Tempo_AGZCN_Sup_100ans
Gaela_RC1_Tempo,Gaela_RC1_Tempo_ANZCN_Sup_75ans
Gaela_RC1_Tempo,Gaela_RC1_Tempo_Conducteur_sup>85_ans
Gaela_RC1_Tempo,Gaela_RC1_Tempo_Pylone_ZCF
Gaela_RC1_Tempo,Gaela_RC1_Tempo_Pylone_ZCN
Gaela_RE1_Beton,Gaela_RE1_Beton_Conducteur>85ans
Gaela_RE1_Beton,Gaela_RE1_Beton_Poteaux_beton
Gaela_RE1_Bois,Gaela_RE1_Bois_Conducteur>85ans
Gaela_RE1_Bois,Gaela_RE1_Bois_Poteaux_bois
Gaela_RE1_Treillis,Gaela_RE1_Treillis_Age_pylone_tempo
Gaela_RE1_Treillis,Gaela_RE1_Treillis_Conducteur_Sup_60Ans
Gaela_RE1_Treillis,Gaela_RE1_Treillis_Conducteur_sup85ans
Gaela_RE1_Treillis,Gaela_RE1_Treillis_Pylone_AGZCF
Gaela_RE1_Treillis,Gaela_RE1_Treillis_Pylone_AGZCN
Gaela_RE1_Treillis,Gaela_RE1_Treillis_Pylone_ANZCF
Gaela_RE1_Treillis,Gaela_RE1_Treillis_Pylone_ANZCN
Gaela_RE1_Treillis,Gaela_RE1_Treillis_Support_EN_ZCF
Gaela_RE1_Treillis,Gaela_RE1_Treillis_Support_EN_ZCN
Gaela_RI1_Rempalcement_Treillis_ANZCF_tempo,Gaela_RI1_Rempalcement_Treillis_ANZCF_tempo_Conducteur_inferieur_60ans
Gaela_RI1_Rempalcement_Treillis_ANZCF_tempo,Gaela_RI1_Rempalcement_Treillis_ANZCF_tempo_Conducteur_inferieur_85ans
Gaela_RI1_Rempalcement_Treillis_ANZCF_tempo,Gaela_RI1_Rempalcement_Treillis_ANZCF_tempo_Support_ANZCF
Gaela_RI1_Rempalcement_Treillis_ANZCF_tempo,Gaela_RI1_Rempalcement_Treillis_ANZCF_tempo_Support_en_ZCF
Gaela_RI1_Rempalcement_Treillis_ANZCF_tempo,Gaela_RI1_Rempalcement_Treillis_ANZCF_tempo_Tempo_Superieur_25ans
Gaela_RI1_Remplacement_Poteau_Bois,Gaela_RI1_Remplacement_Poteau_Bois_priority
Gaela_RI1_Remplacement_Treillis_ANZCN_AG,Gaela_RI1_Remplacement_Treillis_ANZCN_AG_Conducteur_inf_85ans
Gaela_RI1_Remplacement_Treillis_ANZCN_AG,Gaela_RI1_Remplacement_Treillis_ANZCN_AG_SUpport_ANZCN_Sup_100ans
Gaela_RI1_Remplacement_Treillis_ANZCN_AG,Gaela_RI1_Remplacement_Treillis_ANZCN_AG_Support_AGZCF_Sup_100ans
Gaela_RI1_Remplacement_Treillis_ANZCN_AG,Gaela_RI1_Remplacement_Treillis_ANZCN_AG_Support_AGZCN_Sup_120ans
Gaela_RI1_Remplacement_Treillis_ANZCN_AG,Gaela_RI1_Remplacement_Treillis_ANZCN_AG_Support_en_ZCF
Gaela_RI1_Remplacement_Treillis_ANZCN_AG,Gaela_RI1_Remplacement_Treillis_ANZCN_AG_Support_en_ZCN
Gaela_RI1_Tempo_Treillis,Gaela_RI1_Tempo_Treillis_Gaela_tempo_conducteur_inf85
Gaela_RI1_Tempo_Treillis,Gaela_RI1_Tempo_Treillis_Gaela_tempo_conducteur_sup60ans
Gaela_RI1_Tempo_Treillis,Gaela_RI1_Tempo_Treillis_Gaela_tempo_support_sup100
Gaela_RI1_Tempo_Treillis,Gaela_RI1_Tempo_Treillis_Support_ZCN
Gaela_RI_Remplacement_Poteau_Beton,Gaela_RI_Remplacement_Poteau_Beton_Beton_ZCF_Sup_50ans
Gaela_RI_Remplacement_Poteau_Beton,Gaela_RI_Remplacement_Poteau_Beton_Beton_ZCN_Sup60ans
Gaela_RI_Remplacement_Poteau_Beton,Gaela_RI_Remplacement_Poteau_Beton_Conducteur_inf_85ans
Gaela_RI_Remplacement_Poteau_Beton,Gaela_RI_Remplacement_Poteau_Beton_Support_ZCF
Gaela_RI_Remplacement_Poteau_Beton,Gaela_RI_Remplacement_Poteau_Beton_Support_ZCN
PE1_ZCF,PE1_ZCF_Peinture_15_ans
PE1_ZCF,PE1_ZCF_Pylone_ANZCF
PE1_ZCF,PE1_ZCF_Pylone_ANZCF_SUP20ans
PE1_ZCN,PE1_ZCN_DernièrePeinture
PE1_ZCN,PE1_ZCN_Pylone_AN_SUP20ans
PE1_ZCN,PE1_ZCN_Pylone_ZCN
PE2_ZCF,PE2_ZCF_Dernière_peinture_15ans
PE2_ZCF,PE2_ZCF_Pylone_AGZCF_SUP20ans
PE2_ZCF,PE2_ZCF_Pylone_AG_ZCF
PE2_ZCN,PE2_ZCN_Dernière_Peinture_20ans
PE2_ZCN,PE2_ZCN_Pylone_AG_SUP_30ans
PE2_ZCN,PE2_ZCN_Pylone_AG_ZCN
Pylone_Visite,Pylone_Visite_Pylone_Inspection_derniere_inspection>valeur_ZCF
Pylone_Visite,Pylone_Visite_Pylone_Inspection_derniere_inspection>valeur_ZCN
Pylone_Visite,Pylone_Visite_Pylone_si_ZCF
Pylone_Visite,Pylone_Visite_Pylone_si_ZCN
Surveillance_Conducteur,Surveillance_Conducteur_Conducteur>50ans
Surveillance_Conducteur,Surveillance_Conducteur_Conducteur_Recurrence_6ans
