id,AssetClass,StartYear,EndYear,PreschedulingType,NbRepAction1,BudgetCategories,EnablePendingActionRemoval,IsInactive,SchedulingLevel,CriteriaFormula
Gaela_RC1_Remplacement_Simple_Treillis,Canton,2022,2100,Tactical,-1,"[""Gaela_RC1""]",TRUE,FALSE,Level2,"{""OR"": [{""AND"": [""Gaela_RC1_Remplacement_Simple_Treillis_Conducteur_Remplacement>85ans"", ""Gaela_RC1_Remplacement_Simple_Treillis_Age_Pylone_ANZCN_Inf_70ans"", ""Gaela_RC1_Remplacement_Simple_Treillis_Support_En_ZCN""]}, {""AND"": [""Gaela_RC1_Remplacement_Simple_Treillis_Conducteur_Remplacement>85ans"", ""Gaela_RC1_Remplacement_Simple_Treillis_Support_En_ZCN"", ""Gaela_RC1_Remplacement_Simple_Treillis_Age_Pylone_AGZCN_INF_120ans""]}, {""AND"": [""Gaela_RC1_Remplacement_Simple_Treillis_Conducteur_Remplacement>85ans"", ""Gaela_RC1_Remplacement_Simple_Treillis_Support_En_ZCF"", ""Gaela_RC1_Remplacement_Simple_Treillis_Age_Pylone_AGZCF_INF_100ans""]}, ""Gaela_RC1_Remplacement_Simple_Treillis_priority_score""]}"
Gaela_RC1_Tempo,Canton,2022,2100,Tactical,-1,"[""Gaela_RC1""]",FALSE,TRUE,Level4,"{""OR"": [{""AND"": [""Gaela_RC1_Tempo_Conducteur_sup>85_ans"", ""Gaela_RC1_Tempo_ANZCN_Sup_75ans"", ""Gaela_RC1_Tempo_Pylone_ZCN""]}, {""AND"": [""Gaela_RC1_Tempo_Conducteur_sup>85_ans"", ""Gaela_RC1_Tempo_AGZCN_Sup_100ans"", ""Gaela_RC1_Tempo_Pylone_ZCN""]}, {""AND"": [""Gaela_RC1_Tempo_AGZCF_sup_100ans"", ""Gaela_RC1_Tempo_Pylone_ZCF"", ""Gaela_RC1_Tempo_Conducteur_sup>85_ans""]}]}"
Gaela_RE1_Beton,Canton,2022,2100,Tactical,-1,"[""Gaela_RE1""]",TRUE,FALSE,Level2,"{""AND"": [""Gaela_RE1_Beton_Poteaux_beton"", ""Gaela_RE1_Beton_Conducteur>85ans""]}"
Gaela_RE1_Bois,Canton,2022,2100,Tactical,-1,"[""Gaela_RE1""]",FALSE,FALSE,Level2,"{""AND"": [""Gaela_RE1_Bois_Conducteur>85ans"", ""Gaela_RE1_Bois_Poteaux_bois""]}"
Gaela_RE1_Treillis,Canton,2022,2100,Tactical,-1,"[""Gaela_RE1""]",TRUE,FALSE,Level1,"{""OR"": [{""AND"": [""Gaela_RE1_Treillis_Age_pylone_tempo"", ""Gaela_RE1_Treillis_Conducteur_sup85ans""]}, {""AND"": [""Gaela_RE1_Treillis_Support_EN_ZCF"", ""Gaela_RE1_Treillis_Pylone_ANZCF"", ""Gaela_RE1_Treillis_Conducteur_Sup_60Ans""]}, {""AND"": [""Gaela_RE1_Treillis_Conducteur_sup85ans"", ""Gaela_RE1_Treillis_Pylone_ANZCN"", ""Gaela_RE1_Treillis_Support_EN_ZCN""]}, {""AND"": [""Gaela_RE1_Treillis_Conducteur_sup85ans"", ""Gaela_RE1_Treillis_Pylone_AGZCN"", ""Gaela_RE1_Treillis_Support_EN_ZCN""]}, {""AND"": [""Gaela_RE1_Treillis_Conducteur_sup85ans"", ""Gaela_RE1_Treillis_Pylone_AGZCF"", ""Gaela_RE1_Treillis_Pylone_ANZCF""]}]}"
Gaela_RI1_Rempalcement_Treillis_ANZCF_tempo,Canton,2022,2100,Tactical,-1,"[""Gaela_RI1""]",FALSE,FALSE,Level2,"{""OR"": [{""AND"": [""Gaela_RI1_Rempalcement_Treillis_ANZCF_tempo_Support_en_ZCF"", ""Gaela_RI1_Rempalcement_Treillis_ANZCF_tempo_Support_ANZCF"", ""Gaela_RI1_Rempalcement_Treillis_ANZCF_tempo_Conducteur_inferieur_60ans""]}, {""AND"": [""Gaela_RI1_Rempalcement_Treillis_ANZCF_tempo_Conducteur_inferieur_85ans"", ""Gaela_RI1_Rempalcement_Treillis_ANZCF_tempo_Tempo_Superieur_25ans""]}]}"
Gaela_RI1_Remplacement_Poteau_Bois,Canton,2022,2100,Tactical,-1,"[""""]",TRUE,FALSE,,Gaela_RI1_Remplacement_Poteau_Bois_priority
Gaela_RI1_Remplacement_Treillis_ANZCN_AG,Canton,2022,2100,Tactical,-1,"[""Gaela_RI1""]",FALSE,FALSE,Level3,"{""OR"": [{""AND"": [""Gaela_RI1_Remplacement_Treillis_ANZCN_AG_Conducteur_inf_85ans"", ""Gaela_RI1_Remplacement_Treillis_ANZCN_AG_Support_en_ZCN"", ""Gaela_RI1_Remplacement_Treillis_ANZCN_AG_SUpport_ANZCN_Sup_100ans""]}, {""AND"": [""Gaela_RI1_Remplacement_Treillis_ANZCN_AG_Conducteur_inf_85ans"", ""Gaela_RI1_Remplacement_Treillis_ANZCN_AG_Support_en_ZCN"", ""Gaela_RI1_Remplacement_Treillis_ANZCN_AG_Support_AGZCN_Sup_120ans""]}, {""AND"": [""Gaela_RI1_Remplacement_Treillis_ANZCN_AG_Support_en_ZCF"", ""Gaela_RI1_Remplacement_Treillis_ANZCN_AG_Conducteur_inf_85ans"", ""Gaela_RI1_Remplacement_Treillis_ANZCN_AG_Support_AGZCF_Sup_100ans""]}]}"
Gaela_RI1_Tempo_Treillis,Canton,2022,2100,Tactical,-1,"[""Gaela_RI1""]",TRUE,TRUE,Level4,"{""AND"": [""Gaela_RI1_Tempo_Treillis_Gaela_tempo_conducteur_sup60ans"", ""Gaela_RI1_Tempo_Treillis_Gaela_tempo_conducteur_inf85"", ""Gaela_RI1_Tempo_Treillis_Gaela_tempo_support_sup100"", ""Gaela_RI1_Tempo_Treillis_Support_ZCN""]}"
Gaela_RI_Remplacement_Poteau_Beton,Canton,2022,2100,Tactical,-1,"[""Gaela_RI1""]",FALSE,FALSE,Level4,"{""OR"": [{""AND"": [""Gaela_RI_Remplacement_Poteau_Beton_Support_ZCN"", ""Gaela_RI_Remplacement_Poteau_Beton_Conducteur_inf_85ans"", ""Gaela_RI_Remplacement_Poteau_Beton_Beton_ZCN_Sup60ans""]}, {""AND"": [""Gaela_RI_Remplacement_Poteau_Beton_Support_ZCF"", ""Gaela_RI_Remplacement_Poteau_Beton_Beton_ZCF_Sup_50ans"", ""Gaela_RI_Remplacement_Poteau_Beton_Conducteur_inf_85ans""]}]}"
PE1_ZCF,Canton,2022,2100,Tactical,-1,"[""Peinture""]",FALSE,FALSE,Level4,"{""AND"": [""PE1_ZCF_Peinture_15_ans"", ""PE1_ZCF_Pylone_ANZCF_SUP20ans"", ""PE1_ZCF_Pylone_ANZCF""]}"
PE1_ZCN,Canton,2022,2100,Tactical,-1,"[""Peinture""]",FALSE,FALSE,Level4,"{""AND"": [""PE1_ZCN_DernièrePeinture"", ""PE1_ZCN_Pylone_ZCN"", ""PE1_ZCN_Pylone_AN_SUP20ans""]}"
PE2_ZCF,Canton,2022,2100,Tactical,-1,"[""Peinture""]",FALSE,FALSE,Level4,"{""AND"": [""PE2_ZCF_Pylone_AGZCF_SUP20ans"", ""PE2_ZCF_Pylone_AG_ZCF"", ""PE2_ZCF_Dernière_peinture_15ans""]}"
PE2_ZCN,Canton,2022,2100,Tactical,-1,"[""Peinture""]",FALSE,FALSE,Level4,"{""AND"": [""PE2_ZCN_Pylone_AG_ZCN"", ""PE2_ZCN_Pylone_AG_SUP_30ans"", ""PE2_ZCN_Dernière_Peinture_20ans""]}"
Pylone_Visite,Pylone,2022,2022,Tactical,-1,"[""Surveillance_Pylone""]",TRUE,TRUE,Level4,"{""OR"": [{""AND"": [""Pylone_Visite_Pylone_si_ZCF"", ""Pylone_Visite_Pylone_Inspection_derniere_inspection>valeur_ZCF""]}, {""AND"": [""Pylone_Visite_Pylone_si_ZCN"", ""Pylone_Visite_Pylone_Inspection_derniere_inspection>valeur_ZCN""]}]}"
Surveillance_Conducteur,Conducteur,2022,2022,Tactical,-1,"[""Surveillance_Conducteur""]",TRUE,TRUE,Level4,"{""AND"": [""Surveillance_Conducteur_Conducteur>50ans"", ""Surveillance_Conducteur_Conducteur_Recurrence_6ans""]}"
