source,target
Gaela_RC1_Remplacement_Simple_Treillis,Conducteur_Remplacement_Simple _sur_Canton
Gaela_RC1_Tempo,Conducteur_Remplacement_Superieur
Gaela_RE1_Beton,Renouvellement_Canton_Beton
Gaela_RE1_Bois,Renouvellement_Canton_Bois
Gaela_RE1_Treillis,Canton_Renouvellement
Gaela_RI1_Rempalcement_Treillis_ANZCF_tempo,Pylones_Equiv_Haut
Gaela_RI1_Remplacement_Poteau_Bois,Remplacement_poteau_bois
Gaela_RI1_Remplacement_Treillis_ANZCN_AG,Pylones_Equiv_Haut
Gaela_RI1_Tempo_Treillis,Pylones_Tempo
Gaela_RI_Remplacement_Poteau_Beton,Remplacement_poteaux_beton
PE1_ZCF,Peinture_ANZCF
PE1_ZCN,Peinture_ANZCN
PE2_ZCF,Peinture_AGZCF
PE2_ZCN,Peinture_AGZCN
Pylone_Visite,Pylone_Inspection
Surveillance_Conducteur,Conducteur_Inspection
